{"stats":{"minecraft:picked_up":{"minecraft:iron_chestplate":1,"minecraft:crafting_table":2,"born_in_chaos_v1:diamond_termite_shard":9,"minecraft:wheat":43,"minecraft:ladder":15,"minecraft:flower_pot":13,"minecraft:oak_stairs":1,"minecraft:enchanted_book":1,"gravestone:obituary":21,"minecraft:shield":1,"born_in_chaos_v1:black_argillite":1,"minecraft:string":1,"minecraft:moss_carpet":42,"minecraft:iron_leggings":2,"minecraft:beetroot":2,"minecraft:cobbled_deepslate":168,"minecraft:gold_nugget":20,"minecraft:iron_nugget":47,"minecraft:poppy":1,"minecraft:iron_pickaxe":2,"minecraft:melon_slice":24,"minecraft:chest":6,"minecraft:egg":1,"minecraft:iron_boots":6,"minecraft:dark_oak_sapling":1,"minecraft:stick":10,"minecraft:raw_iron":37,"immersivecaves:immersive_caves_guide":2,"minecraft:big_dripleaf":1,"minecraft:torch":95,"minecraft:porkchop":2,"minecraft:cookie":1,"minecraft:diorite":2,"minecraft:carrot":40,"minecraft:dark_oak_planks":17,"minecraft:orange_bed":1,"iceandfire:lightning_lily":1,"minecraft:arrow":46,"minecraft:rotten_flesh":16,"minecraft:beetroot_seeds":2,"minecraft:jungle_stairs":3,"minecraft:hay_block":39,"minecraft:red_tulip":1,"minecraft:iron_block":14,"minecraft:cracked_deepslate_bricks":1,"minecraft:gold_ingot":13,"minecraft:bone_block":4,"minecraft:white_wool":1,"minecraft:cobblestone":121,"born_in_chaos_v1:corpse_maggot":2,"minecraft:glow_ink_sac":4,"minecraft:andesite":70,"minecraft:jungle_wood":24,"minecraft:potato":466,"minecraft:tuff":16,"minecraft:oak_log":18,"iceandfire:ectoplasm":5,"minecraft:yellow_bed":1,"skilltree:gem":5,"minecraft:dirt":24,"minecraft:lantern":1,"minecraft:cooked_mutton":2,"minecraft:bone":51,"minecraft:bow":1,"minecraft:wheat_seeds":15,"minecraft:iron_ingot":98,"minecraft:moss_block":4,"minecraft:glowstone_dust":384,"minecraft:iron_sword":2,"biomesoplenty:mahogany_planks":27,"minecraft:book":168,"biomesoplenty:toadstool":1,"minecraft:oak_slab":2,"born_in_chaos_v1:ethereal_spirit":2,"minecraft:jungle_planks":6,"minecraft:white_bed":12,"minecraft:jungle_slab":35,"minecraft:spider_eye":1,"minecraft:jungle_leaves":128,"biomesoplenty:mahogany_log":197,"minecraft:white_candle":23,"minecraft:soul_lantern":1,"waystones:waystone":1,"minecraft:crossbow":1,"minecraft:iron_helmet":2,"minecraft:granite":14,"minecraft:emerald":8,"minecraft:bread":41,"minecraft:oak_leaves":53,"minecraft:stripped_dark_oak_log":1,"minecraft:bricks":1,"minecraft:coal":243,"iceandfire:raw_silver":1},"minecraft:killed_by":{"minecraft:husk":5,"minecraft:player":2,"born_in_chaos_v1:nightmare_stalker":2,"minecraft:creeper":2,"minecraft:spider":2,"born_in_chaos_v1:spirit_guide":1,"born_in_chaos_v1:zombie_bruiser":4,"minecraft:iron_golem":1,"apollyon:the_damned":2,"minecraft:skeleton":3,"resource_ghouls:diamond_stonebore":1,"born_in_chaos_v1:corpse_fish":1,"iceandfire:ghost":7},"minecraft:dropped":{"biomesoplenty:mahogany_log":108,"minecraft:iron_ingot":78,"minecraft:iron_sword":2,"iceandfire:raw_silver":1,"minecraft:porkchop":3,"minecraft:wheat_seeds":11,"minecraft:glow_ink_sac":4,"minecraft:crafting_table":1,"minecraft:cookie":71,"minecraft:iron_helmet":3,"minecraft:book":1,"biomesoplenty:mahogany_planks":4,"minecraft:lantern":1,"minecraft:granite":8,"iceandfire:ectoplasm":5,"minecraft:coal":171,"minecraft:jungle_slab":18,"minecraft:dirt":13,"minecraft:diorite":2,"minecraft:torch":84,"iceandfire:lightning_lily":1,"skilltree:gem":2,"minecraft:iron_leggings":3,"gravestone:obituary":48,"minecraft:gold_nugget":30,"minecraft:iron_pickaxe":2,"minecraft:orange_bed":1,"minecraft:iron_shovel":1,"minecraft:bucket":1,"minecraft:white_wool":5,"biomesoplenty:toadstool":1,"minecraft:spyglass":1,"immersivecaves:immersive_caves_guide":1,"minecraft:cobbled_deepslate":25,"minecraft:wheat":8,"minecraft:soul_lantern":1,"born_in_chaos_v1:ethereal_spirit":1,"minecraft:raw_iron":20,"minecraft:beetroot":2,"minecraft:wayfinder_armor_trim_smithing_template":1,"minecraft:iron_boots":6,"minecraft:white_bed":5,"minecraft:big_dripleaf":1,"minecraft:poppy":1,"minecraft:potato":391,"aether:iron_gloves":1,"minecraft:iron_chestplate":2,"minecraft:andesite":34,"minecraft:beetroot_seeds":2,"minecraft:ladder":12,"minecraft:chest":4,"minecraft:arrow":14,"minecraft:cracked_deepslate_bricks":1,"minecraft:oak_leaves":1,"minecraft:firework_rocket":4},"minecraft:killed":{"born_in_chaos_v1:restless_spirit":2,"born_in_chaos_v1:door_knight_not_despawn":1,"born_in_chaos_v1:pumpkin_spirit":1,"minecraft:spider":5,"born_in_chaos_v1:maggot":4,"minecraft:skeleton":23,"resource_ghouls:coal_stonebore":2,"minecraft:husk":3,"minecraft:pig":1,"born_in_chaos_v1:diamond_termite":7,"minecraft:salmon":7,"born_in_chaos_v1:decrepit_skeleton":2,"minecraft:pillager":11,"minecraft:zombie":3,"iceandfire:ghost":4,"born_in_chaos_v1:corpse_fly":1,"resource_ghouls:prospector_4":1,"cave_dweller:cave_dweller":1,"resource_ghouls:prospector":1},"minecraft:used":{"biomesoplenty:mahogany_planks":7,"minecraft:jungle_leaves":128,"minecraft:ladder":24,"minecraft:chest":6,"minecraft:shield":29,"minecraft:iron_sword":326,"minecraft:white_candle":20,"minecraft:torch":82,"minecraft:jungle_planks":19,"minecraft:jungle_slab":31,"minecraft:granite":6,"minecraft:bookshelf":3,"minecraft:oak_stairs":6,"minecraft:iron_axe":189,"minecraft:glowstone":20,"minecraft:bow":9,"minecraft:potato":15,"minecraft:cobbled_deepslate":60,"minecraft:cooked_mutton":2,"minecraft:water_bucket":9,"minecraft:oak_planks":14,"minecraft:oak_leaves":3,"biomesoplenty:mahogany_log":14,"minecraft:cookie":84,"minecraft:jungle_wood":15,"minecraft:stripped_dark_oak_log":1,"minecraft:oak_slab":7,"minecraft:crafting_table":5,"minecraft:white_bed":8,"minecraft:shears":214,"waystones:waystone":1,"minecraft:flower_pot":3,"minecraft:firework_rocket":2,"minecraft:bread":46,"minecraft:melon_slice":24,"minecraft:iron_pickaxe":385,"minecraft:jungle_stairs":4,"minecraft:cobblestone":59,"minecraft:andesite":2,"minecraft:bucket":9,"minecraft:yellow_bed":1,"minecraft:moss_carpet":39},"minecraft:broken":{"minecraft:iron_sword":1,"minecraft:iron_pickaxe":1,"minecraft:iron_helmet":1},"minecraft:custom":{"minecraft:mob_kills":83,"minecraft:interact_with_crafting_table":19,"minecraft:open_barrel":51,"minecraft:damage_dealt_resisted":8,"minecraft:leave_game":5,"minecraft:time_since_death":95821,"minecraft:climb_one_cm":16084,"minecraft:sprint_one_cm":830699,"minecraft:walk_one_cm":873314,"minecraft:damage_blocked_by_shield":920,"minecraft:drop":186,"minecraft:talked_to_villager":6,"minecraft:play_time":290772,"minecraft:sneak_time":7380,"minecraft:deaths":40,"minecraft:walk_under_water_one_cm":79233,"minecraft:jump":5198,"minecraft:walk_on_water_one_cm":50725,"minecraft:total_world_time":290772,"minecraft:interact_with_furnace":5,"minecraft:sleep_in_bed":12,"minecraft:time_since_rest":18914,"minecraft:waystone_activated":2,"minecraft:damage_taken":14025,"minecraft:trigger_trapped_chest":2,"minecraft:damage_dealt":17586,"minecraft:swim_one_cm":125835,"minecraft:fly_one_cm":671390,"minecraft:open_chest":171,"minecraft:crouch_one_cm":14658,"minecraft:fall_one_cm":163794},"minecraft:mined":{"minecraft:dark_oak_planks":13,"iceandfire:lightning_lily":1,"minecraft:tuff":12,"minecraft:white_bed":8,"minecraft:candle":1,"minecraft:jungle_slab":22,"biomesoplenty:desert_grass":1,"minecraft:jungle_leaves":156,"minecraft:potted_blue_orchid":1,"born_in_chaos_v1:infected_diamond_ore":1,"minecraft:glow_lichen":1,"minecraft:ladder":16,"gravestone:gravestone":24,"minecraft:granite":14,"minecraft:spruce_fence":1,"minecraft:grass_block":14,"minecraft:jungle_planks":6,"iceandfire:deepslate_silver_ore":1,"biomesoplenty:dried_salt":1,"minecraft:moss_block":4,"minecraft:deepslate_brick_slab":1,"minecraft:tall_seagrass":4,"minecraft:hay_block":38,"minecraft:magma_block":3,"minecraft:potted_dark_oak_sapling":1,"minecraft:glowstone":134,"minecraft:carrots":10,"biomesoplenty:toadstool":1,"minecraft:cobbled_deepslate":26,"minecraft:fire":12,"minecraft:andesite":28,"minecraft:moss_carpet":43,"minecraft:potatoes":12,"minecraft:potted_dandelion":1,"minecraft:bookshelf":59,"minecraft:dirt_path":3,"minecraft:deepslate_iron_ore":17,"minecraft:vine":4,"minecraft:oak_stairs":2,"minecraft:lantern":1,"minecraft:potted_cornflower":1,"minecraft:iron_block":14,"minecraft:stone":23,"minecraft:bone_block":4,"minecraft:spruce_slab":1,"minecraft:potted_allium":1,"minecraft:orange_bed":1,"minecraft:oak_slab":1,"minecraft:potted_lily_of_the_valley":1,"minecraft:deepslate_brick_wall":1,"minecraft:stripped_dark_oak_log":2,"minecraft:soul_lantern":1,"born_in_chaos_v1:infected_deepslate_diamond_ore":2,"minecraft:torch":5,"minecraft:jungle_stairs":4,"minecraft:emerald_ore":2,"biomesoplenty:mahogany_planks":19,"minecraft:melon":4,"minecraft:potted_warped_roots":1,"minecraft:chest":2,"minecraft:rose_bush":1,"minecraft:glass":6,"minecraft:potted_oxeye_daisy":2,"resource_ghouls:quartz_ore":1,"minecraft:copper_ore":1,"minecraft:tall_grass":1,"minecraft:cobblestone":2,"minecraft:white_candle":7,"biomesoplenty:sprout":2,"minecraft:oak_planks":1,"minecraft:cracked_deepslate_bricks":1,"minecraft:bricks":1,"minecraft:diorite":1,"minecraft:wall_torch":7,"minecraft:red_terracotta":1,"minecraft:jungle_wood":24,"minecraft:wheat":36,"biomesoplenty:mahogany_log":16,"minecraft:potted_poppy":1,"minecraft:yellow_bed":1,"minecraft:yellow_stained_glass_pane":1,"minecraft:grass":27,"minecraft:potted_azure_bluet":1,"minecraft:oak_log":7,"minecraft:coal_ore":71,"minecraft:beetroots":5,"minecraft:flower_pot":1,"minecraft:dirt":10,"minecraft:potted_red_tulip":1,"minecraft:oak_leaves":69,"minecraft:deepslate":117,"minecraft:fern":11},"minecraft:crafted":{"minecraft:oak_planks":52,"biomesoplenty:mahogany_planks":88,"minecraft:bookshelf":3,"minecraft:iron_boots":2,"minecraft:iron_axe":1,"minecraft:ladder":21,"born_in_chaos_v1:fried_maggot":2,"minecraft:chest":4,"minecraft:jungle_stairs":8,"minecraft:oak_slab":6,"minecraft:crafting_table":5,"minecraft:iron_helmet":2,"minecraft:jungle_pressure_plate":1,"minecraft:iron_sword":3,"minecraft:bucket":1,"minecraft:glowstone":20,"minecraft:jungle_slab":18,"minecraft:jungle_planks":36,"minecraft:iron_chestplate":2,"minecraft:stick":84,"minecraft:iron_ingot":126,"minecraft:iron_pickaxe":1,"minecraft:oak_stairs":8,"minecraft:iron_leggings":2,"minecraft:white_bed":1,"minecraft:torch":88,"minecraft:shears":1}},"DataVersion":3465}