{"stats":{"minecraft:dropped":{"minecraft:iron_ingot":78,"iceandfire:raw_silver":1,"minecraft:iron_sword":2,"minecraft:porkchop":3,"minecraft:wheat_seeds":5,"minecraft:glow_ink_sac":4,"minecraft:crafting_table":1,"minecraft:cookie":71,"minecraft:iron_helmet":3,"minecraft:book":1,"minecraft:granite":8,"iceandfire:ectoplasm":5,"minecraft:coal":3,"minecraft:dirt":13,"minecraft:diorite":2,"minecraft:torch":16,"iceandfire:lightning_lily":1,"skilltree:gem":2,"minecraft:iron_leggings":2,"gravestone:obituary":39,"minecraft:gold_nugget":30,"minecraft:iron_pickaxe":1,"minecraft:orange_bed":1,"minecraft:iron_shovel":1,"minecraft:spyglass":1,"immersivecaves:immersive_caves_guide":1,"minecraft:cobbled_deepslate":25,"minecraft:wheat":8,"minecraft:wayfinder_armor_trim_smithing_template":1,"minecraft:iron_boots":4,"minecraft:white_bed":5,"minecraft:big_dripleaf":1,"minecraft:poppy":1,"minecraft:potato":64,"minecraft:iron_chestplate":2,"minecraft:arrow":4,"minecraft:firework_rocket":4},"minecraft:killed":{"minecraft:spider":1,"born_in_chaos_v1:maggot":4,"minecraft:skeleton":21,"resource_ghouls:coal_stonebore":2,"minecraft:husk":1,"born_in_chaos_v1:diamond_termite":7,"minecraft:zombie":1,"iceandfire:ghost":4,"resource_ghouls:prospector_4":1,"cave_dweller:cave_dweller":1,"resource_ghouls:prospector":1},"minecraft:custom":{"minecraft:mob_kills":44,"minecraft:interact_with_crafting_table":6,"minecraft:open_barrel":1,"minecraft:damage_dealt_resisted":8,"minecraft:leave_game":3,"minecraft:time_since_death":1489,"minecraft:climb_one_cm":1606,"minecraft:sprint_one_cm":421551,"minecraft:walk_one_cm":426274,"minecraft:drop":132,"minecraft:talked_to_villager":3,"minecraft:play_time":136578,"minecraft:deaths":32,"minecraft:sneak_time":1677,"minecraft:walk_under_water_one_cm":14095,"minecraft:jump":2724,"minecraft:walk_on_water_one_cm":27000,"minecraft:total_world_time":136578,"minecraft:interact_with_furnace":3,"minecraft:sleep_in_bed":7,"minecraft:time_since_rest":1363,"minecraft:damage_taken":9780,"minecraft:trigger_trapped_chest":2,"minecraft:damage_dealt":10433,"minecraft:swim_one_cm":43524,"minecraft:fly_one_cm":410947,"minecraft:open_chest":70,"minecraft:crouch_one_cm":4057,"minecraft:fall_one_cm":82130},"minecraft:killed_by":{"minecraft:husk":5,"minecraft:player":2,"born_in_chaos_v1:nightmare_stalker":2,"minecraft:creeper":2,"minecraft:spider":2,"born_in_chaos_v1:spirit_guide":1,"born_in_chaos_v1:zombie_bruiser":4,"minecraft:iron_golem":1,"minecraft:skeleton":3,"resource_ghouls:diamond_stonebore":1,"born_in_chaos_v1:corpse_fish":1,"iceandfire:ghost":7},"minecraft:broken":{"minecraft:iron_pickaxe":1},"minecraft:picked_up":{"minecraft:crafting_table":2,"born_in_chaos_v1:diamond_termite_shard":9,"minecraft:iron_chestplate":1,"minecraft:wheat":6,"minecraft:enchanted_book":1,"gravestone:obituary":18,"born_in_chaos_v1:black_argillite":1,"minecraft:string":1,"minecraft:iron_leggings":1,"minecraft:cobbled_deepslate":159,"minecraft:gold_nugget":20,"minecraft:poppy":1,"minecraft:iron_pickaxe":1,"minecraft:melon_slice":24,"minecraft:iron_boots":3,"minecraft:raw_iron":17,"immersivecaves:immersive_caves_guide":1,"minecraft:big_dripleaf":1,"minecraft:torch":21,"minecraft:cookie":1,"minecraft:diorite":2,"minecraft:orange_bed":1,"iceandfire:lightning_lily":1,"minecraft:rotten_flesh":9,"minecraft:arrow":20,"minecraft:iron_block":14,"minecraft:gold_ingot":13,"minecraft:white_wool":1,"minecraft:cobblestone":118,"born_in_chaos_v1:corpse_maggot":2,"minecraft:glow_ink_sac":4,"minecraft:andesite":36,"minecraft:potato":104,"minecraft:tuff":16,"minecraft:oak_log":7,"iceandfire:ectoplasm":5,"skilltree:gem":3,"minecraft:dirt":18,"minecraft:cooked_mutton":2,"minecraft:bone":49,"minecraft:bow":1,"minecraft:wheat_seeds":8,"minecraft:iron_ingot":98,"minecraft:iron_sword":2,"minecraft:book":42,"minecraft:white_bed":4,"minecraft:spider_eye":1,"biomesoplenty:mahogany_log":64,"minecraft:iron_helmet":2,"minecraft:granite":14,"minecraft:bread":41,"minecraft:coal":20,"iceandfire:raw_silver":1},"minecraft:mined":{"iceandfire:lightning_lily":1,"minecraft:tuff":12,"biomesoplenty:desert_grass":1,"born_in_chaos_v1:infected_diamond_ore":1,"minecraft:glow_lichen":1,"gravestone:gravestone":14,"minecraft:granite":14,"minecraft:grass_block":6,"iceandfire:deepslate_silver_ore":1,"minecraft:cobbled_deepslate":17,"minecraft:fire":12,"minecraft:andesite":28,"minecraft:bookshelf":16,"minecraft:vine":3,"minecraft:deepslate_iron_ore":17,"minecraft:dirt_path":1,"minecraft:stone":3,"minecraft:iron_block":14,"minecraft:orange_bed":1,"born_in_chaos_v1:infected_deepslate_diamond_ore":2,"minecraft:melon":4,"resource_ghouls:quartz_ore":1,"minecraft:tall_grass":1,"minecraft:copper_ore":1,"biomesoplenty:sprout":2,"minecraft:diorite":1,"minecraft:wall_torch":5,"minecraft:grass":19,"minecraft:oak_log":7,"minecraft:coal_ore":16,"minecraft:dirt":5,"minecraft:deepslate":117,"minecraft:fern":7},"minecraft:crafted":{"minecraft:oak_planks":28,"minecraft:iron_boots":2,"born_in_chaos_v1:fried_maggot":2,"minecraft:crafting_table":1,"minecraft:iron_helmet":2,"minecraft:iron_sword":2,"minecraft:iron_chestplate":2,"minecraft:stick":24,"minecraft:iron_ingot":126,"minecraft:iron_pickaxe":1,"minecraft:iron_leggings":2,"minecraft:white_bed":1,"minecraft:torch":88},"minecraft:used":{"minecraft:iron_sword":186,"minecraft:torch":11,"minecraft:granite":6,"minecraft:potato":12,"minecraft:cobbled_deepslate":26,"minecraft:cooked_mutton":2,"minecraft:oak_planks":9,"minecraft:cookie":74,"minecraft:crafting_table":1,"minecraft:firework_rocket":2,"minecraft:melon_slice":15,"minecraft:bread":6,"minecraft:iron_pickaxe":248,"minecraft:cobblestone":59,"minecraft:andesite":2}},"DataVersion":3465}