{"stats":{"minecraft:dropped":{"minecraft:dirt":4,"iceandfire:lightning_lily":1,"minecraft:book":1,"gravestone:obituary":13},"minecraft:killed":{"iceandfire:ghost":4},"minecraft:custom":{"minecraft:time_since_rest":7596,"minecraft:sprint_one_cm":91251,"minecraft:damage_taken":3738,"minecraft:walk_one_cm":72707,"minecraft:trigger_trapped_chest":2,"minecraft:mob_kills":4,"minecraft:drop":19,"minecraft:damage_dealt":819,"minecraft:swim_one_cm":26626,"minecraft:fly_one_cm":160046,"minecraft:open_chest":14,"minecraft:play_time":29683,"minecraft:deaths":14,"minecraft:sneak_time":154,"minecraft:walk_under_water_one_cm":5701,"minecraft:jump":640,"minecraft:damage_dealt_resisted":8,"minecraft:leave_game":2,"minecraft:walk_on_water_one_cm":2886,"minecraft:time_since_death":7569,"minecraft:climb_one_cm":1276,"minecraft:total_world_time":29683,"minecraft:fall_one_cm":23959},"minecraft:killed_by":{"iceandfire:ghost":6,"minecraft:creeper":1,"minecraft:spider":1,"born_in_chaos_v1:spirit_guide":1,"born_in_chaos_v1:corpse_fish":1,"born_in_chaos_v1:zombie_bruiser":4},"minecraft:picked_up":{"minecraft:book":6,"minecraft:oak_log":7,"gravestone:obituary":3,"iceandfire:ectoplasm":1,"minecraft:dirt":4,"iceandfire:lightning_lily":1,"minecraft:orange_bed":1,"minecraft:wheat_seeds":2},"minecraft:mined":{"iceandfire:lightning_lily":1,"biomesoplenty:desert_grass":1,"gravestone:gravestone":2,"minecraft:grass":18,"minecraft:bookshelf":3,"minecraft:grass_block":1,"minecraft:oak_log":7,"minecraft:vine":3,"minecraft:tall_grass":1,"minecraft:orange_bed":1}},"DataVersion":3465}