{"stats":{"minecraft:picked_up":{"minecraft:crafting_table":2,"minecraft:iron_chestplate":1,"born_in_chaos_v1:diamond_termite_shard":9,"minecraft:wheat":6,"minecraft:ladder":14,"minecraft:enchanted_book":1,"gravestone:obituary":19,"minecraft:shield":1,"born_in_chaos_v1:black_argillite":1,"minecraft:string":1,"minecraft:iron_leggings":2,"minecraft:cobbled_deepslate":168,"minecraft:gold_nugget":20,"minecraft:iron_nugget":47,"minecraft:poppy":1,"minecraft:iron_pickaxe":1,"minecraft:melon_slice":24,"minecraft:chest":6,"minecraft:iron_boots":6,"minecraft:raw_iron":37,"immersivecaves:immersive_caves_guide":2,"minecraft:big_dripleaf":1,"minecraft:torch":88,"minecraft:cookie":1,"minecraft:diorite":2,"minecraft:dark_oak_planks":1,"minecraft:orange_bed":1,"iceandfire:lightning_lily":1,"minecraft:rotten_flesh":10,"minecraft:arrow":30,"minecraft:iron_block":14,"minecraft:gold_ingot":13,"minecraft:bone_block":4,"minecraft:white_wool":1,"minecraft:cobblestone":118,"born_in_chaos_v1:corpse_maggot":2,"minecraft:glow_ink_sac":4,"minecraft:andesite":70,"minecraft:jungle_wood":7,"minecraft:potato":104,"minecraft:tuff":16,"minecraft:oak_log":7,"iceandfire:ectoplasm":5,"skilltree:gem":3,"minecraft:dirt":19,"minecraft:cooked_mutton":2,"minecraft:bone":51,"minecraft:bow":1,"minecraft:wheat_seeds":8,"minecraft:iron_ingot":98,"minecraft:iron_sword":2,"biomesoplenty:mahogany_planks":26,"minecraft:book":42,"born_in_chaos_v1:ethereal_spirit":1,"minecraft:white_bed":4,"minecraft:spider_eye":1,"minecraft:jungle_leaves":3,"biomesoplenty:mahogany_log":185,"minecraft:iron_helmet":2,"minecraft:granite":14,"minecraft:bread":41,"minecraft:coal":20,"iceandfire:raw_silver":1},"minecraft:killed_by":{"minecraft:husk":5,"minecraft:player":2,"born_in_chaos_v1:nightmare_stalker":2,"minecraft:creeper":2,"minecraft:spider":2,"born_in_chaos_v1:spirit_guide":1,"born_in_chaos_v1:zombie_bruiser":4,"minecraft:iron_golem":1,"apollyon:the_damned":2,"minecraft:skeleton":3,"resource_ghouls:diamond_stonebore":1,"born_in_chaos_v1:corpse_fish":1,"iceandfire:ghost":7},"minecraft:dropped":{"biomesoplenty:mahogany_log":96,"minecraft:iron_ingot":78,"minecraft:iron_sword":2,"iceandfire:raw_silver":1,"minecraft:porkchop":3,"minecraft:wheat_seeds":5,"minecraft:glow_ink_sac":4,"minecraft:crafting_table":1,"minecraft:cookie":71,"minecraft:iron_helmet":3,"minecraft:book":1,"biomesoplenty:mahogany_planks":4,"minecraft:granite":8,"iceandfire:ectoplasm":5,"minecraft:coal":3,"minecraft:dirt":13,"minecraft:diorite":2,"minecraft:torch":80,"iceandfire:lightning_lily":1,"skilltree:gem":2,"minecraft:iron_leggings":3,"gravestone:obituary":46,"minecraft:gold_nugget":30,"minecraft:iron_pickaxe":1,"minecraft:orange_bed":1,"minecraft:iron_shovel":1,"minecraft:white_wool":5,"minecraft:spyglass":1,"immersivecaves:immersive_caves_guide":1,"minecraft:cobbled_deepslate":25,"minecraft:wheat":8,"minecraft:raw_iron":20,"minecraft:wayfinder_armor_trim_smithing_template":1,"minecraft:iron_boots":6,"minecraft:white_bed":5,"minecraft:big_dripleaf":1,"minecraft:poppy":1,"minecraft:potato":64,"aether:iron_gloves":1,"minecraft:iron_chestplate":2,"minecraft:andesite":34,"minecraft:chest":4,"minecraft:arrow":14,"minecraft:firework_rocket":4},"minecraft:killed":{"born_in_chaos_v1:restless_spirit":1,"minecraft:spider":1,"born_in_chaos_v1:maggot":4,"minecraft:skeleton":23,"resource_ghouls:coal_stonebore":2,"minecraft:husk":3,"born_in_chaos_v1:diamond_termite":7,"minecraft:zombie":3,"iceandfire:ghost":4,"resource_ghouls:prospector_4":1,"cave_dweller:cave_dweller":1,"resource_ghouls:prospector":1},"minecraft:used":{"biomesoplenty:mahogany_planks":7,"minecraft:jungle_leaves":3,"minecraft:ladder":15,"minecraft:chest":6,"minecraft:iron_sword":221,"minecraft:torch":23,"minecraft:granite":6,"minecraft:iron_axe":27,"minecraft:bow":5,"minecraft:potato":15,"minecraft:cobbled_deepslate":60,"minecraft:cooked_mutton":2,"minecraft:water_bucket":4,"minecraft:oak_planks":9,"biomesoplenty:mahogany_log":14,"minecraft:cookie":84,"minecraft:jungle_wood":7,"minecraft:crafting_table":3,"minecraft:shears":4,"minecraft:firework_rocket":2,"minecraft:bread":6,"minecraft:melon_slice":24,"minecraft:iron_pickaxe":262,"minecraft:cobblestone":59,"minecraft:andesite":2,"minecraft:bucket":4},"minecraft:broken":{"minecraft:iron_pickaxe":1},"minecraft:custom":{"minecraft:mob_kills":53,"minecraft:interact_with_crafting_table":10,"minecraft:open_barrel":28,"minecraft:damage_dealt_resisted":8,"minecraft:leave_game":4,"minecraft:time_since_death":1299,"minecraft:climb_one_cm":8847,"minecraft:sprint_one_cm":466936,"minecraft:walk_one_cm":509953,"minecraft:drop":155,"minecraft:talked_to_villager":3,"minecraft:play_time":171981,"minecraft:sneak_time":3500,"minecraft:deaths":37,"minecraft:walk_under_water_one_cm":33660,"minecraft:jump":3156,"minecraft:walk_on_water_one_cm":30831,"minecraft:total_world_time":171981,"minecraft:interact_with_furnace":3,"minecraft:sleep_in_bed":9,"minecraft:time_since_rest":1119,"minecraft:damage_taken":11508,"minecraft:trigger_trapped_chest":2,"minecraft:damage_dealt":11884,"minecraft:swim_one_cm":43926,"minecraft:fly_one_cm":431654,"minecraft:open_chest":90,"minecraft:crouch_one_cm":6578,"minecraft:fall_one_cm":100555},"minecraft:mined":{"minecraft:dark_oak_planks":1,"iceandfire:lightning_lily":1,"minecraft:tuff":12,"minecraft:jungle_leaves":4,"biomesoplenty:desert_grass":1,"born_in_chaos_v1:infected_diamond_ore":1,"minecraft:glow_lichen":1,"gravestone:gravestone":21,"minecraft:ladder":15,"minecraft:granite":14,"minecraft:grass_block":7,"iceandfire:deepslate_silver_ore":1,"minecraft:cobbled_deepslate":26,"minecraft:fire":12,"minecraft:andesite":28,"minecraft:bookshelf":16,"minecraft:deepslate_iron_ore":17,"minecraft:vine":3,"minecraft:dirt_path":1,"minecraft:stone":3,"minecraft:iron_block":14,"minecraft:bone_block":4,"minecraft:orange_bed":1,"born_in_chaos_v1:infected_deepslate_diamond_ore":2,"minecraft:melon":4,"biomesoplenty:mahogany_planks":18,"minecraft:chest":2,"resource_ghouls:quartz_ore":1,"minecraft:tall_grass":1,"minecraft:copper_ore":1,"biomesoplenty:sprout":2,"minecraft:diorite":1,"minecraft:wall_torch":5,"minecraft:jungle_wood":7,"biomesoplenty:mahogany_log":5,"minecraft:grass":19,"minecraft:oak_log":7,"minecraft:coal_ore":16,"minecraft:dirt":6,"minecraft:deepslate":117,"minecraft:fern":9},"minecraft:crafted":{"minecraft:oak_planks":28,"biomesoplenty:mahogany_planks":76,"minecraft:iron_boots":2,"minecraft:iron_axe":1,"minecraft:ladder":21,"born_in_chaos_v1:fried_maggot":2,"minecraft:chest":4,"minecraft:crafting_table":3,"minecraft:iron_helmet":2,"minecraft:iron_sword":2,"minecraft:bucket":1,"minecraft:iron_chestplate":2,"minecraft:stick":84,"minecraft:iron_ingot":126,"minecraft:iron_pickaxe":1,"minecraft:iron_leggings":2,"minecraft:white_bed":1,"minecraft:torch":88,"minecraft:shears":1}},"DataVersion":3465}