{"stats":{"minecraft:dropped":{"minecraft:iron_ingot":14,"minecraft:iron_sword":2,"iceandfire:raw_silver":1,"minecraft:spyglass":1,"minecraft:porkchop":3,"immersivecaves:immersive_caves_guide":1,"minecraft:glow_ink_sac":4,"minecraft:cobbled_deepslate":25,"minecraft:wheat":8,"minecraft:cookie":71,"minecraft:iron_helmet":3,"minecraft:wayfinder_armor_trim_smithing_template":1,"minecraft:book":1,"minecraft:iron_boots":4,"iceandfire:ectoplasm":5,"minecraft:white_bed":5,"minecraft:coal":3,"minecraft:poppy":1,"minecraft:big_dripleaf":1,"minecraft:dirt":8,"minecraft:potato":64,"minecraft:torch":16,"minecraft:diorite":2,"iceandfire:lightning_lily":1,"minecraft:iron_chestplate":2,"skilltree:gem":2,"gravestone:obituary":29,"minecraft:iron_leggings":2,"minecraft:gold_nugget":30,"minecraft:arrow":4,"minecraft:iron_pickaxe":1,"minecraft:orange_bed":1,"minecraft:iron_shovel":1,"minecraft:firework_rocket":4},"minecraft:killed":{"born_in_chaos_v1:diamond_termite":7,"minecraft:spider":1,"born_in_chaos_v1:maggot":4,"minecraft:skeleton":20,"resource_ghouls:coal_stonebore":2,"minecraft:zombie":1,"iceandfire:ghost":4,"resource_ghouls:prospector_4":1,"cave_dweller:cave_dweller":1,"resource_ghouls:prospector":1},"minecraft:custom":{"minecraft:interact_with_furnace":3,"minecraft:mob_kills":42,"minecraft:interact_with_crafting_table":6,"minecraft:open_barrel":1,"minecraft:damage_dealt_resisted":8,"minecraft:leave_game":2,"minecraft:time_since_death":8706,"minecraft:sleep_in_bed":6,"minecraft:climb_one_cm":1412,"minecraft:time_since_rest":8731,"minecraft:sprint_one_cm":362306,"minecraft:damage_taken":7454,"minecraft:walk_one_cm":372606,"minecraft:trigger_trapped_chest":2,"minecraft:drop":107,"minecraft:damage_dealt":9583,"minecraft:talked_to_villager":3,"minecraft:swim_one_cm":29867,"minecraft:fly_one_cm":359476,"minecraft:open_chest":69,"minecraft:crouch_one_cm":1012,"minecraft:play_time":113683,"minecraft:deaths":24,"minecraft:sneak_time":568,"minecraft:walk_under_water_one_cm":11724,"minecraft:jump":2157,"minecraft:walk_on_water_one_cm":21254,"minecraft:total_world_time":113683,"minecraft:fall_one_cm":71978},"minecraft:killed_by":{"minecraft:player":2,"born_in_chaos_v1:nightmare_stalker":1,"minecraft:skeleton":2,"minecraft:creeper":2,"minecraft:spider":2,"born_in_chaos_v1:spirit_guide":1,"born_in_chaos_v1:corpse_fish":1,"born_in_chaos_v1:zombie_bruiser":4,"minecraft:iron_golem":1,"iceandfire:ghost":7},"minecraft:picked_up":{"born_in_chaos_v1:corpse_maggot":2,"born_in_chaos_v1:diamond_termite_shard":9,"minecraft:iron_chestplate":1,"minecraft:wheat":6,"minecraft:glow_ink_sac":4,"minecraft:andesite":8,"minecraft:potato":104,"minecraft:enchanted_book":1,"minecraft:tuff":16,"minecraft:oak_log":7,"gravestone:obituary":13,"iceandfire:ectoplasm":5,"minecraft:string":1,"born_in_chaos_v1:black_argillite":1,"skilltree:gem":3,"minecraft:dirt":9,"minecraft:iron_leggings":1,"minecraft:cooked_mutton":2,"minecraft:bone":24,"minecraft:bow":1,"minecraft:cobbled_deepslate":109,"minecraft:wheat_seeds":5,"minecraft:gold_nugget":20,"minecraft:iron_ingot":56,"minecraft:poppy":1,"minecraft:iron_pickaxe":1,"minecraft:melon_slice":24,"minecraft:iron_sword":2,"minecraft:iron_boots":3,"minecraft:book":42,"immersivecaves:immersive_caves_guide":1,"minecraft:raw_iron":17,"minecraft:big_dripleaf":1,"minecraft:torch":21,"minecraft:cookie":1,"minecraft:diorite":2,"minecraft:white_bed":4,"minecraft:spider_eye":1,"minecraft:orange_bed":1,"iceandfire:lightning_lily":1,"minecraft:rotten_flesh":7,"minecraft:arrow":19,"minecraft:iron_helmet":2,"minecraft:iron_block":14,"minecraft:gold_ingot":13,"minecraft:bread":41,"iceandfire:raw_silver":1,"minecraft:coal":20,"minecraft:white_wool":1},"minecraft:mined":{"iceandfire:lightning_lily":1,"minecraft:tuff":12,"biomesoplenty:desert_grass":1,"born_in_chaos_v1:infected_diamond_ore":1,"born_in_chaos_v1:infected_deepslate_diamond_ore":2,"minecraft:glow_lichen":1,"gravestone:gravestone":9,"minecraft:grass_block":2,"minecraft:melon":4,"iceandfire:deepslate_silver_ore":1,"minecraft:tall_grass":1,"biomesoplenty:sprout":2,"minecraft:diorite":1,"minecraft:wall_torch":5,"minecraft:cobbled_deepslate":17,"minecraft:fire":12,"minecraft:andesite":8,"minecraft:dirt_path":1,"minecraft:deepslate_iron_ore":17,"minecraft:coal_ore":16,"minecraft:bookshelf":16,"minecraft:grass":18,"minecraft:oak_log":7,"minecraft:vine":3,"minecraft:iron_block":14,"minecraft:deepslate":88,"minecraft:fern":1,"minecraft:orange_bed":1},"minecraft:crafted":{"minecraft:oak_planks":28,"minecraft:crafting_table":1,"minecraft:iron_helmet":2,"minecraft:iron_sword":2,"minecraft:iron_boots":2,"minecraft:iron_chestplate":2,"born_in_chaos_v1:fried_maggot":2,"minecraft:stick":24,"minecraft:iron_ingot":126,"minecraft:iron_pickaxe":1,"minecraft:iron_leggings":2,"minecraft:white_bed":1,"minecraft:torch":88},"minecraft:used":{"minecraft:cooked_mutton":2,"minecraft:oak_planks":9,"minecraft:iron_sword":171,"minecraft:cookie":64,"minecraft:torch":8,"minecraft:crafting_table":1,"minecraft:firework_rocket":2,"minecraft:bread":6,"minecraft:melon_slice":15,"minecraft:iron_pickaxe":179,"minecraft:andesite":2,"minecraft:potato":12,"minecraft:cobbled_deepslate":20}},"DataVersion":3465}