{"stats":{"minecraft:dropped":{"minecraft:dirt":1},"minecraft:custom":{"minecraft:time_since_rest":5886,"minecraft:open_chest":1,"minecraft:play_time":5886,"minecraft:sprint_one_cm":27446,"minecraft:damage_taken":150,"minecraft:walk_one_cm":8680,"minecraft:sneak_time":26,"minecraft:trigger_trapped_chest":1,"minecraft:walk_under_water_one_cm":1464,"minecraft:drop":1,"minecraft:jump":185,"minecraft:damage_dealt":56,"minecraft:time_since_death":5886,"minecraft:walk_on_water_one_cm":968,"minecraft:total_world_time":5886,"minecraft:climb_one_cm":1082,"minecraft:swim_one_cm":12767,"minecraft:fall_one_cm":7201,"minecraft:fly_one_cm":52939},"minecraft:picked_up":{"minecraft:orange_bed":1,"minecraft:dirt":1},"minecraft:mined":{"minecraft:grass_block":1,"minecraft:vine":2,"minecraft:tall_grass":1,"minecraft:orange_bed":1}},"DataVersion":3465}