{"stats":{"minecraft:dropped":{"minecraft:iron_ingot":14,"minecraft:iron_sword":1,"minecraft:spyglass":1,"minecraft:porkchop":3,"immersivecaves:immersive_caves_guide":1,"minecraft:wheat":8,"minecraft:iron_helmet":3,"minecraft:wayfinder_armor_trim_smithing_template":1,"minecraft:book":1,"minecraft:iron_boots":4,"iceandfire:ectoplasm":5,"minecraft:white_bed":5,"minecraft:poppy":1,"minecraft:big_dripleaf":1,"minecraft:dirt":6,"minecraft:potato":64,"minecraft:diorite":2,"iceandfire:lightning_lily":1,"minecraft:iron_chestplate":2,"skilltree:gem":2,"gravestone:obituary":21,"minecraft:iron_leggings":2,"minecraft:gold_nugget":30,"minecraft:arrow":1,"minecraft:iron_pickaxe":1,"minecraft:orange_bed":1,"minecraft:firework_rocket":4},"minecraft:killed":{"born_in_chaos_v1:diamond_termite":4,"iceandfire:ghost":4,"resource_ghouls:prospector_4":1,"resource_ghouls:prospector":1},"minecraft:custom":{"minecraft:interact_with_furnace":1,"minecraft:mob_kills":10,"minecraft:interact_with_crafting_table":5,"minecraft:open_barrel":1,"minecraft:damage_dealt_resisted":8,"minecraft:leave_game":2,"minecraft:time_since_death":0,"minecraft:sleep_in_bed":6,"minecraft:climb_one_cm":1412,"minecraft:time_since_rest":32,"minecraft:sprint_one_cm":268125,"minecraft:damage_taken":5792,"minecraft:walk_one_cm":224350,"minecraft:trigger_trapped_chest":2,"minecraft:drop":75,"minecraft:damage_dealt":3217,"minecraft:talked_to_villager":3,"minecraft:swim_one_cm":29867,"minecraft:fly_one_cm":295077,"minecraft:open_chest":55,"minecraft:crouch_one_cm":1012,"minecraft:play_time":77683,"minecraft:deaths":20,"minecraft:sneak_time":568,"minecraft:walk_under_water_one_cm":6311,"minecraft:jump":1405,"minecraft:walk_on_water_one_cm":7254,"minecraft:total_world_time":77683,"minecraft:fall_one_cm":54697},"minecraft:killed_by":{"minecraft:player":1,"born_in_chaos_v1:nightmare_stalker":1,"minecraft:creeper":2,"minecraft:spider":1,"born_in_chaos_v1:spirit_guide":1,"born_in_chaos_v1:corpse_fish":1,"born_in_chaos_v1:zombie_bruiser":4,"minecraft:iron_golem":1,"iceandfire:ghost":7},"minecraft:picked_up":{"born_in_chaos_v1:diamond_termite_shard":5,"minecraft:iron_chestplate":1,"minecraft:wheat":6,"minecraft:andesite":8,"minecraft:potato":103,"minecraft:enchanted_book":1,"minecraft:oak_log":7,"gravestone:obituary":7,"iceandfire:ectoplasm":5,"skilltree:gem":3,"minecraft:dirt":6,"minecraft:iron_leggings":1,"minecraft:cooked_mutton":2,"minecraft:cobbled_deepslate":12,"minecraft:wheat_seeds":2,"minecraft:gold_nugget":20,"minecraft:iron_ingot":56,"minecraft:poppy":1,"minecraft:iron_pickaxe":1,"minecraft:melon_slice":24,"minecraft:iron_sword":1,"minecraft:iron_boots":3,"minecraft:book":42,"immersivecaves:immersive_caves_guide":1,"minecraft:raw_iron":17,"minecraft:big_dripleaf":1,"minecraft:diorite":2,"minecraft:white_bed":4,"minecraft:orange_bed":1,"iceandfire:lightning_lily":1,"minecraft:rotten_flesh":2,"minecraft:arrow":1,"minecraft:iron_helmet":2,"minecraft:iron_block":14,"minecraft:gold_ingot":13,"minecraft:bread":41,"iceandfire:raw_silver":1,"minecraft:coal":15,"minecraft:white_wool":1},"minecraft:mined":{"iceandfire:lightning_lily":1,"biomesoplenty:desert_grass":1,"born_in_chaos_v1:infected_diamond_ore":1,"born_in_chaos_v1:infected_deepslate_diamond_ore":1,"gravestone:gravestone":6,"minecraft:grass_block":2,"minecraft:melon":4,"iceandfire:deepslate_silver_ore":1,"minecraft:tall_grass":1,"biomesoplenty:sprout":2,"minecraft:diorite":1,"minecraft:fire":12,"minecraft:andesite":8,"minecraft:dirt_path":1,"minecraft:deepslate_iron_ore":17,"minecraft:coal_ore":16,"minecraft:bookshelf":16,"minecraft:grass":18,"minecraft:oak_log":7,"minecraft:vine":3,"minecraft:iron_block":14,"minecraft:deepslate":8,"minecraft:fern":1,"minecraft:orange_bed":1},"minecraft:crafted":{"minecraft:oak_planks":28,"minecraft:crafting_table":1,"minecraft:iron_helmet":2,"minecraft:iron_sword":2,"minecraft:iron_boots":2,"minecraft:iron_chestplate":2,"minecraft:stick":4,"minecraft:iron_ingot":126,"minecraft:iron_pickaxe":1,"minecraft:iron_leggings":2,"minecraft:white_bed":1},"minecraft:used":{"minecraft:cooked_mutton":2,"minecraft:oak_planks":8,"minecraft:iron_sword":46,"minecraft:cookie":24,"minecraft:crafting_table":1,"minecraft:firework_rocket":2,"minecraft:bread":6,"minecraft:melon_slice":7,"minecraft:iron_pickaxe":69,"minecraft:potato":12}},"DataVersion":3465}