{"stats":{"minecraft:picked_up":{"minecraft:iron_chestplate":1,"minecraft:wheat":43,"minecraft:flower_pot":13,"minecraft:oak_stairs":1,"minecraft:enchanted_book":1,"born_in_chaos_v1:black_argillite":1,"minecraft:music_disc_cat":1,"minecraft:string":1,"minecraft:iron_leggings":2,"minecraft:beetroot":2,"minecraft:gold_nugget":20,"minecraft:cobbled_deepslate":168,"minecraft:iron_pickaxe":2,"minecraft:melon_slice":24,"minecraft:iron_boots":6,"minecraft:stick":14,"minecraft:big_dripleaf":1,"minecraft:torch":112,"minecraft:porkchop":2,"minecraft:diorite":2,"iceandfire:lightning_lily":1,"minecraft:orange_bed":1,"minecraft:rotten_flesh":30,"minecraft:iron_block":14,"minecraft:red_tulip":1,"minecraft:cobblestone":121,"minecraft:andesite":70,"minecraft:jungle_wood":27,"minecraft:potato":466,"minecraft:tuff":16,"minecraft:lantern":1,"skilltree:gem":5,"minecraft:dirt":24,"minecraft:leather_boots":1,"minecraft:bone":51,"minecraft:bow":1,"minecraft:wheat_seeds":15,"minecraft:glowstone_dust":384,"minecraft:bamboo":2,"minecraft:moss_block":4,"biomesoplenty:mahogany_planks":27,"minecraft:oak_planks":4,"biomesoplenty:toadstool":1,"minecraft:music_disc_13":1,"minecraft:jungle_planks":6,"minecraft:barrel":1,"minecraft:dark_oak_log":16,"minecraft:jungle_slab":35,"minecraft:jungle_leaves":128,"minecraft:white_candle":27,"minecraft:soul_lantern":1,"waystones:waystone":2,"minecraft:crossbow":1,"minecraft:granite":14,"minecraft:bread":41,"minecraft:emerald":13,"minecraft:dark_oak_fence":6,"minecraft:bricks":1,"minecraft:oak_leaves":53,"iceandfire:raw_silver":1,"born_in_chaos_v1:diamond_termite_shard":9,"minecraft:crafting_table":3,"minecraft:ladder":15,"gravestone:obituary":21,"minecraft:shield":1,"minecraft:moss_carpet":42,"minecraft:iron_nugget":47,"minecraft:poppy":1,"minecraft:chest":10,"minecraft:egg":1,"minecraft:dark_oak_sapling":2,"minecraft:raw_iron":37,"immersivecaves:immersive_caves_guide":2,"minecraft:cookie":1,"minecraft:carrot":40,"minecraft:redstone":12,"minecraft:dark_oak_planks":102,"minecraft:arrow":56,"minecraft:beetroot_seeds":2,"minecraft:jungle_stairs":3,"minecraft:hay_block":39,"minecraft:cracked_deepslate_bricks":1,"minecraft:gold_ingot":13,"minecraft:white_wool":1,"minecraft:bone_block":4,"born_in_chaos_v1:corpse_maggot":2,"minecraft:glow_ink_sac":4,"minecraft:oak_log":18,"minecraft:chainmail_chestplate":3,"iceandfire:ectoplasm":5,"minecraft:yellow_bed":1,"minecraft:gunpowder":2,"minecraft:cooked_mutton":2,"minecraft:iron_ingot":98,"minecraft:iron_sword":2,"minecraft:book":168,"minecraft:oak_slab":2,"born_in_chaos_v1:ethereal_spirit":2,"minecraft:white_bed":12,"minecraft:spider_eye":1,"biomesoplenty:mahogany_log":197,"minecraft:iron_helmet":2,"minecraft:stripped_dark_oak_log":1,"minecraft:coal":243},"minecraft:killed_by":{"born_in_chaos_v1:nightmare_stalker":2,"minecraft:creeper":2,"born_in_chaos_v1:spirit_guide":1,"born_in_chaos_v1:zombie_bruiser":4,"resource_ghouls:diamond_stonebore":1,"minecraft:husk":5,"minecraft:player":2,"minecraft:spider":2,"minecraft:iron_golem":1,"apollyon:the_damned":2,"minecraft:skeleton":3,"born_in_chaos_v1:corpse_fish":1,"iceandfire:ghost":7},"minecraft:dropped":{"minecraft:iron_sword":2,"iceandfire:raw_silver":1,"minecraft:porkchop":3,"minecraft:glow_ink_sac":4,"minecraft:crafting_table":1,"minecraft:cookie":71,"biomesoplenty:mahogany_planks":4,"minecraft:lantern":1,"iceandfire:ectoplasm":5,"minecraft:dirt":13,"gravestone:obituary":48,"minecraft:gold_nugget":30,"minecraft:iron_pickaxe":2,"minecraft:dark_oak_planks":8,"minecraft:white_wool":5,"biomesoplenty:toadstool":1,"minecraft:spyglass":1,"minecraft:cobbled_deepslate":25,"minecraft:wheat":8,"minecraft:soul_lantern":1,"born_in_chaos_v1:ethereal_spirit":1,"minecraft:beetroot":2,"minecraft:oak_planks":3,"minecraft:white_bed":5,"minecraft:carrot":1,"minecraft:chainmail_chestplate":1,"minecraft:poppy":1,"minecraft:beetroot_seeds":2,"minecraft:chest":4,"minecraft:ladder":12,"minecraft:arrow":14,"minecraft:oak_leaves":1,"minecraft:firework_rocket":4,"biomesoplenty:mahogany_log":108,"minecraft:iron_ingot":78,"minecraft:oak_slab":1,"minecraft:wheat_seeds":11,"minecraft:iron_helmet":3,"minecraft:book":1,"minecraft:jungle_wood":1,"minecraft:granite":8,"minecraft:coal":171,"minecraft:stick":4,"minecraft:jungle_slab":18,"minecraft:diorite":2,"minecraft:torch":89,"iceandfire:lightning_lily":1,"skilltree:gem":3,"minecraft:iron_leggings":3,"minecraft:orange_bed":1,"minecraft:iron_shovel":1,"minecraft:bucket":1,"minecraft:redstone":8,"immersivecaves:immersive_caves_guide":1,"minecraft:raw_iron":20,"minecraft:wayfinder_armor_trim_smithing_template":1,"minecraft:iron_boots":6,"minecraft:big_dripleaf":1,"minecraft:potato":391,"aether:iron_gloves":1,"minecraft:iron_chestplate":2,"minecraft:andesite":34,"minecraft:bamboo":1,"minecraft:cracked_deepslate_bricks":1},"minecraft:killed":{"born_in_chaos_v1:restless_spirit":2,"born_in_chaos_v1:door_knight_not_despawn":1,"born_in_chaos_v1:pumpkin_spirit":1,"minecraft:spider":5,"minecraft:skeleton":23,"minecraft:pig":1,"born_in_chaos_v1:diamond_termite":7,"minecraft:salmon":7,"minecraft:pillager":17,"minecraft:zombie":3,"born_in_chaos_v1:corpse_fly":1,"resource_ghouls:prospector_4":1,"cave_dweller:cave_dweller":1,"resource_ghouls:prospector":1,"born_in_chaos_v1:maggot":4,"resource_ghouls:coal_stonebore":2,"minecraft:husk":3,"born_in_chaos_v1:decrepit_skeleton":2,"iceandfire:ghost":4},"minecraft:used":{"minecraft:moss_carpet":48,"minecraft:ladder":24,"minecraft:chest":11,"minecraft:shield":37,"minecraft:iron_sword":356,"minecraft:white_candle":20,"minecraft:jungle_planks":19,"minecraft:carrot":1,"minecraft:jungle_slab":31,"minecraft:bow":9,"minecraft:egg":1,"minecraft:potato":15,"minecraft:oak_planks":16,"minecraft:oak_leaves":16,"minecraft:cookie":84,"minecraft:shears":215,"waystones:waystone":2,"minecraft:firework_rocket":2,"minecraft:melon_slice":24,"minecraft:bread":55,"minecraft:dark_oak_fence":58,"minecraft:andesite":2,"biomesoplenty:mahogany_planks":7,"minecraft:jungle_leaves":128,"minecraft:torch":133,"minecraft:granite":6,"minecraft:dark_oak_planks":1,"minecraft:bookshelf":3,"minecraft:iron_axe":233,"minecraft:oak_stairs":6,"minecraft:glowstone":20,"minecraft:cobbled_deepslate":60,"minecraft:cooked_mutton":2,"minecraft:water_bucket":9,"biomesoplenty:mahogany_log":14,"minecraft:jungle_wood":16,"minecraft:stripped_dark_oak_log":1,"minecraft:oak_slab":7,"minecraft:crafting_table":6,"minecraft:white_bed":8,"minecraft:flower_pot":3,"minecraft:iron_pickaxe":387,"minecraft:jungle_stairs":4,"minecraft:cobblestone":59,"minecraft:bucket":9,"minecraft:yellow_bed":1},"minecraft:broken":{"minecraft:iron_sword":1,"minecraft:iron_pickaxe":1,"minecraft:iron_helmet":1},"minecraft:custom":{"minecraft:interact_with_crafting_table":25,"minecraft:open_barrel":51,"minecraft:leave_game":5,"minecraft:time_since_death":119821,"minecraft:sprint_one_cm":938515,"minecraft:damage_blocked_by_shield":1100,"minecraft:drop":200,"minecraft:talked_to_villager":6,"minecraft:play_time":314772,"minecraft:deaths":40,"minecraft:jump":5496,"minecraft:walk_on_water_one_cm":53818,"minecraft:interact_with_furnace":6,"minecraft:sleep_in_bed":13,"minecraft:waystone_activated":3,"minecraft:damage_dealt":19348,"minecraft:crouch_one_cm":15024,"minecraft:mob_kills":90,"minecraft:damage_dealt_resisted":8,"minecraft:climb_one_cm":16939,"minecraft:walk_one_cm":924834,"minecraft:sneak_time":7529,"minecraft:walk_under_water_one_cm":83250,"minecraft:total_world_time":314772,"minecraft:time_since_rest":6382,"minecraft:damage_taken":14276,"minecraft:trigger_trapped_chest":2,"minecraft:swim_one_cm":145304,"minecraft:fly_one_cm":724738,"minecraft:open_chest":175,"minecraft:fall_one_cm":171754},"minecraft:mined":{"minecraft:dark_oak_planks":13,"biomesoplenty:mossy_black_sand":1,"minecraft:white_bed":8,"minecraft:jungle_slab":22,"minecraft:jungle_leaves":157,"minecraft:potted_blue_orchid":1,"minecraft:granite":14,"minecraft:grass_block":14,"biomesoplenty:dried_salt":1,"minecraft:tall_seagrass":4,"minecraft:magma_block":3,"minecraft:glowstone":134,"minecraft:barrel":1,"minecraft:fire":12,"minecraft:cobbled_deepslate":26,"minecraft:moss_carpet":43,"minecraft:potted_dandelion":1,"minecraft:dirt_path":3,"minecraft:oak_stairs":2,"minecraft:potted_cornflower":1,"minecraft:iron_block":14,"minecraft:spruce_slab":1,"minecraft:orange_bed":1,"minecraft:deepslate_brick_wall":1,"minecraft:soul_lantern":1,"born_in_chaos_v1:infected_deepslate_diamond_ore":2,"minecraft:torch":16,"minecraft:jungle_stairs":4,"minecraft:melon":4,"minecraft:potted_warped_roots":1,"minecraft:chest":6,"resource_ghouls:quartz_ore":1,"minecraft:glass":6,"minecraft:cobblestone":2,"minecraft:white_candle":8,"minecraft:oak_planks":2,"minecraft:bricks":1,"minecraft:wall_torch":9,"minecraft:jungle_wood":26,"minecraft:wheat":36,"minecraft:potted_poppy":1,"minecraft:yellow_stained_glass_pane":1,"minecraft:grass":29,"minecraft:oak_log":7,"minecraft:beetroots":5,"minecraft:dirt":10,"minecraft:potted_red_tulip":1,"minecraft:oak_leaves":69,"minecraft:deepslate":117,"iceandfire:lightning_lily":1,"minecraft:tuff":12,"minecraft:dark_oak_leaves":6,"minecraft:candle":1,"minecraft:dark_oak_log":16,"biomesoplenty:desert_grass":1,"born_in_chaos_v1:infected_diamond_ore":1,"gravestone:gravestone":24,"minecraft:glow_lichen":1,"minecraft:ladder":16,"minecraft:dark_oak_fence":6,"minecraft:spruce_fence":1,"minecraft:jungle_planks":6,"iceandfire:deepslate_silver_ore":1,"minecraft:moss_block":4,"minecraft:hay_block":38,"minecraft:deepslate_brick_slab":1,"minecraft:potted_dark_oak_sapling":1,"minecraft:carrots":10,"biomesoplenty:toadstool":1,"minecraft:andesite":28,"minecraft:bookshelf":59,"minecraft:potatoes":12,"minecraft:deepslate_iron_ore":17,"minecraft:vine":4,"minecraft:lantern":1,"minecraft:stone":23,"minecraft:bone_block":4,"minecraft:potted_allium":1,"minecraft:oak_slab":1,"minecraft:potted_lily_of_the_valley":1,"minecraft:stripped_dark_oak_log":2,"minecraft:crafting_table":1,"minecraft:emerald_ore":2,"biomesoplenty:mahogany_planks":19,"minecraft:rose_bush":1,"minecraft:potted_oxeye_daisy":2,"minecraft:tall_grass":1,"minecraft:copper_ore":1,"biomesoplenty:sprout":6,"minecraft:cracked_deepslate_bricks":1,"minecraft:diorite":1,"minecraft:red_terracotta":1,"biomesoplenty:mahogany_log":16,"minecraft:yellow_bed":1,"minecraft:potted_azure_bluet":1,"minecraft:coal_ore":71,"minecraft:flower_pot":1,"minecraft:fern":13},"minecraft:crafted":{"minecraft:oak_planks":72,"minecraft:bookshelf":3,"minecraft:iron_boots":2,"minecraft:chest":5,"minecraft:jungle_stairs":8,"minecraft:oak_slab":6,"minecraft:crafting_table":5,"minecraft:iron_helmet":2,"minecraft:jungle_pressure_plate":1,"minecraft:iron_chestplate":2,"minecraft:stick":136,"minecraft:iron_ingot":126,"minecraft:iron_pickaxe":1,"minecraft:shears":1,"biomesoplenty:mahogany_planks":88,"minecraft:moss_carpet":6,"minecraft:dark_oak_fence":57,"minecraft:iron_axe":1,"minecraft:ladder":21,"born_in_chaos_v1:fried_maggot":2,"minecraft:dark_oak_planks":64,"minecraft:iron_sword":3,"minecraft:bucket":1,"minecraft:glowstone":20,"minecraft:jungle_slab":18,"minecraft:jungle_planks":40,"minecraft:oak_stairs":8,"minecraft:iron_leggings":2,"minecraft:white_bed":1,"minecraft:torch":128}},"DataVersion":3465}