{"stats":{"minecraft:dropped":{"gravestone:obituary":8,"minecraft:dirt":1,"iceandfire:lightning_lily":1},"minecraft:killed":{"iceandfire:ghost":1},"minecraft:custom":{"minecraft:time_since_rest":428,"minecraft:open_chest":1,"minecraft:play_time":18014,"minecraft:sprint_one_cm":57530,"minecraft:deaths":8,"minecraft:damage_taken":2150,"minecraft:walk_one_cm":27705,"minecraft:sneak_time":152,"minecraft:trigger_trapped_chest":2,"minecraft:walk_under_water_one_cm":5227,"minecraft:mob_kills":1,"minecraft:drop":10,"minecraft:jump":411,"minecraft:damage_dealt":281,"minecraft:leave_game":1,"minecraft:time_since_death":390,"minecraft:walk_on_water_one_cm":2066,"minecraft:total_world_time":18014,"minecraft:climb_one_cm":1082,"minecraft:swim_one_cm":25790,"minecraft:fall_one_cm":16202,"minecraft:fly_one_cm":111470},"minecraft:killed_by":{"minecraft:creeper":1,"minecraft:spider":1,"born_in_chaos_v1:spirit_guide":1,"iceandfire:ghost":2,"born_in_chaos_v1:corpse_fish":1,"born_in_chaos_v1:zombie_bruiser":2},"minecraft:picked_up":{"minecraft:orange_bed":1,"minecraft:wheat_seeds":1,"gravestone:obituary":2,"minecraft:dirt":1,"iceandfire:lightning_lily":1},"minecraft:mined":{"gravestone:gravestone":1,"iceandfire:lightning_lily":1,"minecraft:grass":12,"minecraft:grass_block":1,"minecraft:vine":3,"minecraft:tall_grass":1,"biomesoplenty:desert_grass":1,"minecraft:orange_bed":1}},"DataVersion":3465}