{"stats":{"minecraft:dropped":{"minecraft:dirt":4,"iceandfire:lightning_lily":1,"minecraft:book":1,"gravestone:obituary":13},"minecraft:killed":{"iceandfire:ghost":4},"minecraft:custom":{"minecraft:time_since_rest":10515,"minecraft:interact_with_furnace":1,"minecraft:sprint_one_cm":131961,"minecraft:damage_taken":3898,"minecraft:walk_one_cm":123170,"minecraft:trigger_trapped_chest":2,"minecraft:mob_kills":4,"minecraft:drop":19,"minecraft:damage_dealt":827,"minecraft:swim_one_cm":26626,"minecraft:talked_to_villager":1,"minecraft:fly_one_cm":179036,"minecraft:open_chest":47,"minecraft:play_time":41683,"minecraft:deaths":14,"minecraft:sneak_time":154,"minecraft:walk_under_water_one_cm":6004,"minecraft:jump":807,"minecraft:damage_dealt_resisted":8,"minecraft:leave_game":2,"minecraft:walk_on_water_one_cm":4819,"minecraft:time_since_death":19569,"minecraft:sleep_in_bed":1,"minecraft:climb_one_cm":1282,"minecraft:total_world_time":41683,"minecraft:fall_one_cm":28939},"minecraft:killed_by":{"iceandfire:ghost":6,"minecraft:creeper":1,"minecraft:spider":1,"born_in_chaos_v1:spirit_guide":1,"born_in_chaos_v1:corpse_fish":1,"born_in_chaos_v1:zombie_bruiser":4},"minecraft:picked_up":{"minecraft:book":42,"minecraft:oak_log":7,"gravestone:obituary":3,"iceandfire:ectoplasm":1,"minecraft:dirt":4,"minecraft:cooked_mutton":2,"iceandfire:lightning_lily":1,"minecraft:orange_bed":1,"minecraft:wheat_seeds":2,"minecraft:melon_slice":24,"minecraft:white_wool":1},"minecraft:mined":{"iceandfire:lightning_lily":1,"minecraft:fire":12,"biomesoplenty:desert_grass":1,"gravestone:gravestone":2,"minecraft:grass":18,"minecraft:bookshelf":16,"minecraft:grass_block":1,"minecraft:oak_log":7,"minecraft:melon":4,"minecraft:vine":3,"minecraft:tall_grass":1,"biomesoplenty:sprout":2,"minecraft:orange_bed":1},"minecraft:used":{"minecraft:melon_slice":7,"minecraft:cookie":4,"minecraft:potato":7}},"DataVersion":3465}