{"stats":{"minecraft:dropped":{"minecraft:iron_ingot":14,"minecraft:iron_sword":2,"iceandfire:raw_silver":1,"minecraft:spyglass":1,"minecraft:porkchop":3,"immersivecaves:immersive_caves_guide":1,"minecraft:glow_ink_sac":4,"minecraft:cobbled_deepslate":25,"minecraft:wheat":8,"minecraft:cookie":70,"minecraft:iron_helmet":3,"minecraft:wayfinder_armor_trim_smithing_template":1,"minecraft:book":1,"minecraft:iron_boots":4,"iceandfire:ectoplasm":5,"minecraft:white_bed":5,"minecraft:coal":3,"minecraft:poppy":1,"minecraft:big_dripleaf":1,"minecraft:dirt":8,"minecraft:potato":64,"minecraft:torch":16,"minecraft:diorite":2,"iceandfire:lightning_lily":1,"minecraft:iron_chestplate":2,"skilltree:gem":2,"gravestone:obituary":27,"minecraft:iron_leggings":2,"minecraft:gold_nugget":30,"minecraft:arrow":4,"minecraft:iron_pickaxe":1,"minecraft:orange_bed":1,"minecraft:iron_shovel":1,"minecraft:firework_rocket":4},"minecraft:killed":{"born_in_chaos_v1:diamond_termite":4,"minecraft:spider":1,"born_in_chaos_v1:maggot":4,"minecraft:skeleton":5,"resource_ghouls:coal_stonebore":1,"minecraft:zombie":1,"iceandfire:ghost":4,"resource_ghouls:prospector_4":1,"resource_ghouls:prospector":1},"minecraft:custom":{"minecraft:interact_with_furnace":1,"minecraft:mob_kills":22,"minecraft:interact_with_crafting_table":5,"minecraft:open_barrel":1,"minecraft:damage_dealt_resisted":8,"minecraft:leave_game":2,"minecraft:time_since_death":9800,"minecraft:sleep_in_bed":6,"minecraft:climb_one_cm":1412,"minecraft:time_since_rest":9825,"minecraft:sprint_one_cm":351109,"minecraft:damage_taken":6839,"minecraft:walk_one_cm":317570,"minecraft:trigger_trapped_chest":2,"minecraft:drop":104,"minecraft:damage_dealt":5380,"minecraft:talked_to_villager":3,"minecraft:swim_one_cm":29867,"minecraft:fly_one_cm":348315,"minecraft:open_chest":63,"minecraft:crouch_one_cm":1012,"minecraft:play_time":101683,"minecraft:deaths":23,"minecraft:sneak_time":568,"minecraft:walk_under_water_one_cm":11724,"minecraft:jump":1969,"minecraft:walk_on_water_one_cm":21254,"minecraft:total_world_time":101683,"minecraft:fall_one_cm":69586},"minecraft:killed_by":{"minecraft:player":2,"born_in_chaos_v1:nightmare_stalker":1,"minecraft:skeleton":1,"minecraft:creeper":2,"minecraft:spider":2,"born_in_chaos_v1:spirit_guide":1,"born_in_chaos_v1:corpse_fish":1,"born_in_chaos_v1:zombie_bruiser":4,"minecraft:iron_golem":1,"iceandfire:ghost":7},"minecraft:picked_up":{"born_in_chaos_v1:corpse_maggot":2,"born_in_chaos_v1:diamond_termite_shard":5,"minecraft:iron_chestplate":1,"minecraft:wheat":6,"minecraft:glow_ink_sac":4,"minecraft:andesite":8,"minecraft:potato":104,"minecraft:enchanted_book":1,"minecraft:oak_log":7,"gravestone:obituary":13,"iceandfire:ectoplasm":5,"minecraft:string":1,"born_in_chaos_v1:black_argillite":1,"skilltree:gem":3,"minecraft:dirt":9,"minecraft:iron_leggings":1,"minecraft:cooked_mutton":2,"minecraft:bone":7,"minecraft:cobbled_deepslate":31,"minecraft:wheat_seeds":2,"minecraft:gold_nugget":20,"minecraft:iron_ingot":56,"minecraft:poppy":1,"minecraft:iron_pickaxe":1,"minecraft:melon_slice":24,"minecraft:iron_sword":2,"minecraft:iron_boots":3,"minecraft:book":42,"immersivecaves:immersive_caves_guide":1,"minecraft:raw_iron":17,"minecraft:big_dripleaf":1,"minecraft:torch":16,"minecraft:diorite":2,"minecraft:white_bed":4,"minecraft:spider_eye":1,"minecraft:orange_bed":1,"iceandfire:lightning_lily":1,"minecraft:rotten_flesh":5,"minecraft:arrow":8,"minecraft:iron_helmet":2,"minecraft:iron_block":14,"minecraft:gold_ingot":13,"minecraft:bread":41,"iceandfire:raw_silver":1,"minecraft:coal":20,"minecraft:white_wool":1},"minecraft:mined":{"iceandfire:lightning_lily":1,"biomesoplenty:desert_grass":1,"born_in_chaos_v1:infected_diamond_ore":1,"born_in_chaos_v1:infected_deepslate_diamond_ore":1,"minecraft:glow_lichen":1,"gravestone:gravestone":8,"minecraft:grass_block":2,"minecraft:melon":4,"iceandfire:deepslate_silver_ore":1,"minecraft:tall_grass":1,"biomesoplenty:sprout":2,"minecraft:diorite":1,"minecraft:fire":12,"minecraft:andesite":8,"minecraft:dirt_path":1,"minecraft:deepslate_iron_ore":17,"minecraft:coal_ore":16,"minecraft:bookshelf":16,"minecraft:grass":18,"minecraft:oak_log":7,"minecraft:vine":3,"minecraft:iron_block":14,"minecraft:deepslate":18,"minecraft:fern":1,"minecraft:orange_bed":1},"minecraft:crafted":{"minecraft:oak_planks":28,"minecraft:crafting_table":1,"minecraft:iron_helmet":2,"minecraft:iron_sword":2,"minecraft:iron_boots":2,"minecraft:iron_chestplate":2,"minecraft:stick":24,"minecraft:iron_ingot":126,"minecraft:iron_pickaxe":1,"minecraft:iron_leggings":2,"minecraft:white_bed":1,"minecraft:torch":88},"minecraft:used":{"minecraft:cooked_mutton":2,"minecraft:oak_planks":9,"minecraft:iron_sword":89,"minecraft:cookie":43,"minecraft:torch":8,"minecraft:crafting_table":1,"minecraft:firework_rocket":2,"minecraft:bread":6,"minecraft:melon_slice":9,"minecraft:iron_pickaxe":79,"minecraft:potato":12}},"DataVersion":3465}