{"stats":{"minecraft:dropped":{"minecraft:iron_ingot":14,"minecraft:spyglass":1,"minecraft:porkchop":3,"minecraft:wheat":8,"minecraft:iron_helmet":2,"minecraft:wayfinder_armor_trim_smithing_template":1,"minecraft:book":1,"minecraft:iron_boots":3,"iceandfire:ectoplasm":5,"minecraft:white_bed":1,"minecraft:big_dripleaf":1,"minecraft:dirt":4,"minecraft:potato":64,"iceandfire:lightning_lily":1,"minecraft:iron_chestplate":1,"gravestone:obituary":13,"minecraft:iron_leggings":1,"minecraft:gold_nugget":30,"minecraft:orange_bed":1,"minecraft:firework_rocket":4},"minecraft:killed":{"iceandfire:ghost":4},"minecraft:custom":{"minecraft:interact_with_furnace":1,"minecraft:mob_kills":4,"minecraft:interact_with_crafting_table":4,"minecraft:open_barrel":1,"minecraft:damage_dealt_resisted":8,"minecraft:leave_game":2,"minecraft:time_since_death":31569,"minecraft:sleep_in_bed":3,"minecraft:climb_one_cm":1404,"minecraft:time_since_rest":7521,"minecraft:sprint_one_cm":180675,"minecraft:damage_taken":3938,"minecraft:walk_one_cm":148694,"minecraft:trigger_trapped_chest":2,"minecraft:drop":48,"minecraft:damage_dealt":827,"minecraft:talked_to_villager":1,"minecraft:swim_one_cm":28626,"minecraft:fly_one_cm":215502,"minecraft:open_chest":51,"minecraft:crouch_one_cm":9,"minecraft:play_time":53683,"minecraft:deaths":14,"minecraft:sneak_time":161,"minecraft:walk_under_water_one_cm":6153,"minecraft:jump":984,"minecraft:walk_on_water_one_cm":5631,"minecraft:total_world_time":53683,"minecraft:fall_one_cm":34916},"minecraft:killed_by":{"minecraft:creeper":1,"minecraft:spider":1,"born_in_chaos_v1:spirit_guide":1,"born_in_chaos_v1:corpse_fish":1,"born_in_chaos_v1:zombie_bruiser":4,"iceandfire:ghost":6},"minecraft:picked_up":{"minecraft:iron_chestplate":1,"minecraft:wheat":6,"minecraft:potato":103,"minecraft:enchanted_book":1,"minecraft:oak_log":7,"gravestone:obituary":3,"iceandfire:ectoplasm":5,"minecraft:dirt":4,"minecraft:iron_leggings":1,"minecraft:cooked_mutton":2,"minecraft:wheat_seeds":2,"minecraft:gold_nugget":20,"minecraft:iron_ingot":51,"minecraft:iron_pickaxe":1,"minecraft:melon_slice":24,"minecraft:iron_sword":1,"minecraft:iron_boots":3,"minecraft:book":42,"minecraft:big_dripleaf":1,"minecraft:white_bed":1,"minecraft:orange_bed":1,"iceandfire:lightning_lily":1,"minecraft:arrow":1,"minecraft:iron_helmet":2,"minecraft:iron_block":12,"minecraft:gold_ingot":13,"minecraft:bread":41,"minecraft:white_wool":1},"minecraft:mined":{"iceandfire:lightning_lily":1,"biomesoplenty:desert_grass":1,"gravestone:gravestone":3,"minecraft:grass_block":1,"minecraft:melon":4,"minecraft:tall_grass":1,"biomesoplenty:sprout":2,"minecraft:fire":12,"minecraft:bookshelf":16,"minecraft:grass":18,"minecraft:oak_log":7,"minecraft:vine":3,"minecraft:iron_block":12,"minecraft:orange_bed":1},"minecraft:crafted":{"minecraft:oak_planks":28,"minecraft:crafting_table":1,"minecraft:iron_helmet":2,"minecraft:iron_sword":2,"minecraft:iron_boots":2,"minecraft:iron_chestplate":2,"minecraft:stick":4,"minecraft:iron_ingot":90,"minecraft:iron_pickaxe":1,"minecraft:iron_leggings":2},"minecraft:used":{"minecraft:cooked_mutton":2,"minecraft:cookie":4,"minecraft:crafting_table":1,"minecraft:melon_slice":7,"minecraft:iron_pickaxe":13,"minecraft:potato":7}},"DataVersion":3465}