{"stats":{"minecraft:dropped":{"minecraft:iron_ingot":64,"minecraft:oak_log":4,"minecraft:cobbled_deepslate":5,"minecraft:poppy":1},"minecraft:killed":{"minecraft:pig":1,"minecraft:sheep":3,"born_in_chaos_v1:corpse_fly":1},"minecraft:custom":{"minecraft:mob_kills":5,"minecraft:interact_with_crafting_table":6,"minecraft:time_since_death":22639,"minecraft:sleep_in_bed":1,"minecraft:climb_one_cm":1369,"minecraft:time_since_rest":7235,"minecraft:sprint_one_cm":45855,"minecraft:damage_taken":140,"minecraft:walk_one_cm":89669,"minecraft:drop":71,"minecraft:damage_dealt":448,"minecraft:swim_one_cm":3275,"minecraft:fly_one_cm":88951,"minecraft:open_chest":24,"minecraft:crouch_one_cm":592,"minecraft:play_time":23448,"minecraft:deaths":1,"minecraft:sneak_time":602,"minecraft:walk_under_water_one_cm":1039,"minecraft:jump":391,"minecraft:walk_on_water_one_cm":3139,"minecraft:total_world_time":23448,"minecraft:interact_with_smoker":1,"minecraft:fall_one_cm":10079},"minecraft:broken":{"minecraft:stone_axe":1},"minecraft:picked_up":{"minecraft:crafting_table":1,"minecraft:magma_block":2,"minecraft:anvil":2,"minecraft:smithing_table":1,"minecraft:oak_log":29,"minecraft:brewing_stand":1,"skilltree:gem":4,"minecraft:dirt":9,"minecraft:lantern":5,"minecraft:moss_carpet":4,"minecraft:wheat_seeds":2,"minecraft:cobbled_deepslate":12,"minecraft:iron_ingot":64,"minecraft:grindstone":1,"minecraft:poppy":1,"minecraft:melon_slice":241,"minecraft:oak_planks":56,"minecraft:furnace":1,"minecraft:book":117,"minecraft:jukebox":1,"minecraft:porkchop":2,"minecraft:blast_furnace":2,"minecraft:spruce_log":10,"minecraft:stripped_jungle_log":2,"minecraft:hay_block":5,"minecraft:mutton":4,"minecraft:coal":22,"minecraft:white_wool":3,"minecraft:cobblestone":8},"minecraft:mined":{"minecraft:smithing_table":1,"minecraft:smoker":1,"biomesoplenty:desert_grass":1,"minecraft:brewing_stand":1,"minecraft:crafting_table":1,"minecraft:blast_furnace":2,"minecraft:grass_block":3,"minecraft:poppy":1,"minecraft:melon":45,"minecraft:spruce_leaves":4,"biomesoplenty:sprout":1,"minecraft:grindstone":1,"minecraft:hay_block":5,"minecraft:magma_block":2,"minecraft:furnace":1,"minecraft:fire":2,"minecraft:spruce_log":10,"minecraft:jukebox":1,"minecraft:anvil":2,"minecraft:grass":46,"minecraft:bookshelf":39,"minecraft:coal_ore":23,"minecraft:oak_log":25,"minecraft:lantern":5,"minecraft:dirt":6,"minecraft:stripped_jungle_log":2,"minecraft:stone":9,"minecraft:fern":2},"minecraft:crafted":{"minecraft:oak_planks":80,"minecraft:crafting_table":1,"minecraft:spruce_planks":20,"minecraft:wooden_pickaxe":1,"minecraft:stone_axe":1,"minecraft:stick":8,"minecraft:stone_pickaxe":1,"minecraft:chest":1},"minecraft:used":{"minecraft:writable_book":1,"minecraft:stone_pickaxe":45,"minecraft:chest":1,"minecraft:wooden_pickaxe":8,"minecraft:mutton":2,"minecraft:crafting_table":2,"minecraft:melon_slice":1,"minecraft:stone_axe":128,"minecraft:furnace":1,"minecraft:porkchop":2}},"DataVersion":3465}