{"stats":{"minecraft:dropped":{"minecraft:iron_ingot":64,"minecraft:cobbled_deepslate":5},"minecraft:killed":{"minecraft:pig":1},"minecraft:custom":{"minecraft:time_since_rest":10666,"minecraft:sprint_one_cm":22016,"minecraft:damage_taken":50,"minecraft:walk_one_cm":37336,"minecraft:mob_kills":1,"minecraft:drop":69,"minecraft:damage_dealt":108,"minecraft:interact_with_crafting_table":3,"minecraft:fly_one_cm":43040,"minecraft:open_chest":8,"minecraft:crouch_one_cm":592,"minecraft:play_time":11448,"minecraft:deaths":1,"minecraft:sneak_time":602,"minecraft:jump":203,"minecraft:walk_on_water_one_cm":2163,"minecraft:time_since_death":10639,"minecraft:interact_with_smoker":1,"minecraft:total_world_time":11448,"minecraft:climb_one_cm":1369,"minecraft:fall_one_cm":4238},"minecraft:picked_up":{"minecraft:book":99,"minecraft:magma_block":2,"minecraft:crafting_table":1,"minecraft:jukebox":1,"minecraft:anvil":2,"minecraft:smithing_table":1,"minecraft:porkchop":2,"minecraft:oak_log":5,"minecraft:blast_furnace":2,"minecraft:spruce_log":10,"minecraft:dirt":9,"minecraft:lantern":4,"minecraft:stripped_jungle_log":2,"minecraft:cobbled_deepslate":12,"minecraft:grindstone":1,"minecraft:iron_ingot":64,"minecraft:melon_slice":103,"minecraft:cobblestone":7,"minecraft:furnace":1},"minecraft:mined":{"minecraft:smithing_table":1,"minecraft:magma_block":2,"minecraft:furnace":1,"minecraft:fire":2,"minecraft:smoker":1,"minecraft:spruce_log":10,"biomesoplenty:desert_grass":1,"minecraft:jukebox":1,"minecraft:anvil":2,"minecraft:crafting_table":1,"minecraft:grass":5,"minecraft:blast_furnace":2,"minecraft:bookshelf":33,"minecraft:grass_block":3,"minecraft:oak_log":5,"minecraft:melon":19,"minecraft:lantern":4,"minecraft:dirt":6,"minecraft:stripped_jungle_log":2,"minecraft:spruce_leaves":4,"minecraft:stone":8,"minecraft:grindstone":1,"minecraft:fern":1},"minecraft:crafted":{"minecraft:crafting_table":1,"minecraft:spruce_planks":20,"minecraft:stick":8,"minecraft:wooden_pickaxe":1,"minecraft:stone_pickaxe":1,"minecraft:stone_axe":1},"minecraft:used":{"minecraft:writable_book":1,"minecraft:stone_pickaxe":17,"minecraft:wooden_pickaxe":8,"minecraft:stone_axe":65,"minecraft:crafting_table":1,"minecraft:porkchop":2}},"DataVersion":3465}