{"stats":{"minecraft:killed":{"resource_ghouls:emerald_stonebore":1,"minecraft:spider":4,"minecraft:iron_golem":2,"minecraft:bat":1,"minecraft:sheep":1,"minecraft:skeleton":1,"minecraft:zombie":1,"born_in_chaos_v1:dread_hound":1},"minecraft:custom":{"minecraft:mob_kills":12,"minecraft:interact_with_crafting_table":4,"minecraft:damage_dealt_resisted":19,"minecraft:time_since_death":1194,"minecraft:leave_game":2,"minecraft:sleep_in_bed":6,"minecraft:climb_one_cm":4949,"minecraft:time_since_rest":1266,"minecraft:sprint_one_cm":188810,"minecraft:damage_taken":3860,"minecraft:walk_one_cm":213903,"minecraft:damage_dealt":4071,"minecraft:swim_one_cm":1730,"minecraft:talked_to_villager":2,"minecraft:fly_one_cm":224119,"minecraft:player_kills":1,"minecraft:open_chest":9,"minecraft:crouch_one_cm":2033,"minecraft:play_time":82993,"minecraft:deaths":14,"minecraft:sneak_time":1229,"minecraft:walk_under_water_one_cm":6083,"minecraft:jump":1467,"minecraft:walk_on_water_one_cm":14544,"minecraft:total_world_time":82993,"minecraft:fall_one_cm":47428},"minecraft:killed_by":{"apollyon:the_damned":2,"born_in_chaos_v1:nightmare_stalker":1,"born_in_chaos_v1:spirit_guide_assistant":1,"born_in_chaos_v1:dark_vortex":1,"iceandfire:ghost":4,"graveyard:skeleton_creeper":1,"born_in_chaos_v1:dread_hound":1},"minecraft:broken":{"minecraft:wooden_axe":1},"minecraft:picked_up":{"born_in_chaos_v1:fused_bone":1,"minecraft:iron_chestplate":1,"minecraft:glow_ink_sac":5,"iceandfire:fire_lily":2,"minecraft:brown_wool":47,"minecraft:pink_wool":22,"minecraft:oak_log":7,"gravestone:obituary":4,"minecraft:lapis_lazuli":20,"skilltree:gem":4,"minecraft:string":5,"minecraft:dirt":26,"minecraft:bone":2,"minecraft:iron_leggings":1,"minecraft:cooked_mutton":1,"minecraft:wheat_seeds":6,"minecraft:cobbled_deepslate":5,"minecraft:raw_gold":1,"minecraft:iron_ingot":5,"minecraft:poppy":12,"minecraft:iron_pickaxe":1,"minecraft:light_gray_wool":1,"biomesoplenty:wildflower":1,"minecraft:melon_slice":56,"minecraft:iron_sword":1,"minecraft:iron_boots":1,"minecraft:book":10,"minecraft:raw_iron":10,"minecraft:red_wool":8,"minecraft:quartz":2,"minecraft:gravel":1,"minecraft:white_bed":1,"minecraft:spider_eye":3,"biomesoplenty:mahogany_log":42,"minecraft:arrow":2,"minecraft:rotten_flesh":4,"minecraft:iron_helmet":1,"minecraft:emerald":2,"minecraft:mutton":1,"iceandfire:raw_silver":2,"minecraft:white_wool":29,"minecraft:cobblestone":4},"minecraft:mined":{"minecraft:white_bed":2,"iceandfire:silver_ore":2,"minecraft:red_wool":8,"minecraft:dark_oak_leaves":1,"minecraft:jungle_leaves":1,"biomesoplenty:desert_grass":4,"gravestone:gravestone":8,"minecraft:grass_block":1,"minecraft:poppy":11,"minecraft:melon":10,"minecraft:brown_wool":47,"born_in_chaos_v1:black_argillite":1,"resource_ghouls:quartz_ore":2,"iceandfire:fire_lily":2,"minecraft:tall_grass":5,"minecraft:deepslate_gold_ore":1,"biomesoplenty:sprout":4,"minecraft:pink_wool":22,"minecraft:large_fern":1,"biomesoplenty:mahogany_log":43,"minecraft:iron_ore":10,"minecraft:deepslate_lapis_ore":3,"minecraft:grass":44,"minecraft:bookshelf":3,"minecraft:oak_log":7,"minecraft:gravel":1,"minecraft:dirt":7,"minecraft:stone":4,"minecraft:white_wool":28,"minecraft:oak_leaves":3,"minecraft:deepslate":5,"minecraft:fern":32},"minecraft:crafted":{"minecraft:red_dye":12,"minecraft:oak_planks":20,"minecraft:crafting_table":2,"biomesoplenty:mahogany_planks":4,"minecraft:red_wool":6,"minecraft:bone_meal":6,"minecraft:oak_wood":3,"minecraft:pink_dye":12,"minecraft:pink_wool":12,"minecraft:white_dye":6,"minecraft:stick":4,"minecraft:wooden_axe":1,"minecraft:white_bed":1},"minecraft:used":{"minecraft:cooked_mutton":1,"minecraft:iron_sword":68,"minecraft:cookie":8,"minecraft:dirt":8,"minecraft:crafting_table":2,"minecraft:white_bed":2,"minecraft:oak_log":1,"minecraft:wooden_axe":71,"minecraft:red_wool":8,"minecraft:brown_wool":47,"minecraft:iron_pickaxe":29,"minecraft:pink_wool":34}},"DataVersion":3465}