{"stats":{"minecraft:custom":{"minecraft:time_since_rest":7845,"minecraft:play_time":22993,"minecraft:sprint_one_cm":61714,"minecraft:damage_taken":2018,"minecraft:deaths":7,"minecraft:walk_one_cm":56203,"minecraft:sneak_time":30,"minecraft:walk_under_water_one_cm":490,"minecraft:jump":413,"minecraft:damage_dealt_resisted":19,"minecraft:damage_dealt":451,"minecraft:leave_game":2,"minecraft:time_since_death":7792,"minecraft:walk_on_water_one_cm":1434,"minecraft:total_world_time":22993,"minecraft:interact_with_crafting_table":1,"minecraft:fall_one_cm":12526,"minecraft:fly_one_cm":79555,"minecraft:open_chest":7},"minecraft:killed_by":{"born_in_chaos_v1:dark_vortex":1,"apollyon:the_damned":1,"iceandfire:ghost":4,"born_in_chaos_v1:spirit_guide_assistant":1},"minecraft:picked_up":{"minecraft:wheat_seeds":5,"minecraft:oak_log":7,"gravestone:obituary":4,"biomesoplenty:wildflower":1,"minecraft:dirt":19,"minecraft:book":10},"minecraft:mined":{"gravestone:gravestone":3,"minecraft:grass":35,"minecraft:bookshelf":3,"minecraft:oak_log":7,"minecraft:grass_block":1,"minecraft:dirt":1,"minecraft:tall_grass":3,"biomesoplenty:desert_grass":4,"minecraft:oak_leaves":3,"minecraft:fern":8},"minecraft:used":{"minecraft:oak_log":1,"minecraft:cookie":4}},"DataVersion":3465}