{"stats":{"minecraft:dropped":{"minecraft:wheat_seeds":3,"minecraft:glow_ink_sac":10,"minecraft:feather":2,"minecraft:cookie":4,"minecraft:cobblestone":118,"minecraft:stick":2,"minecraft:iron_pickaxe":2,"minecraft:white_wool":13,"immersivecaves:immersive_caves_guide":1,"minecraft:iron_boots":1,"minecraft:shield":1,"minecraft:andesite":16,"minecraft:jungle_log":1},"minecraft:killed":{"minecraft:spider":4,"minecraft:skeleton":12,"resource_ghouls:emerald_stonebore":1,"minecraft:iron_golem":2,"minecraft:bat":1,"minecraft:sheep":1,"minecraft:zombie":2,"born_in_chaos_v1:dread_hound":1,"apollyon:the_damned":1},"minecraft:custom":{"minecraft:mob_kills":26,"minecraft:interact_with_crafting_table":8,"minecraft:open_barrel":4,"minecraft:damage_dealt_resisted":19,"minecraft:leave_game":2,"minecraft:time_since_death":6444,"minecraft:climb_one_cm":8552,"minecraft:sprint_one_cm":290279,"minecraft:walk_one_cm":369031,"minecraft:drop":18,"minecraft:talked_to_villager":2,"minecraft:play_time":154993,"minecraft:deaths":24,"minecraft:sneak_time":2136,"minecraft:walk_under_water_one_cm":10225,"minecraft:jump":2810,"minecraft:walk_on_water_one_cm":29903,"minecraft:total_world_time":154993,"minecraft:interact_with_furnace":6,"minecraft:sleep_in_bed":7,"minecraft:time_since_rest":6479,"minecraft:damage_taken":7288,"minecraft:damage_dealt":7608,"minecraft:player_kills":2,"minecraft:swim_one_cm":14226,"minecraft:fly_one_cm":331674,"minecraft:open_chest":17,"minecraft:crouch_one_cm":4766,"minecraft:fall_one_cm":81749},"minecraft:killed_by":{"minecraft:husk":5,"born_in_chaos_v1:nightmare_stalker":2,"born_in_chaos_v1:dark_vortex":1,"graveyard:skeleton_creeper":1,"apollyon:the_damned":3,"born_in_chaos_v1:spirit_guide_assistant":1,"iceandfire:ghost":4,"cave_dweller:cave_dweller":1,"born_in_chaos_v1:dread_hound":1},"minecraft:broken":{"minecraft:iron_pickaxe":1,"minecraft:wooden_axe":1},"minecraft:picked_up":{"minecraft:iron_chestplate":1,"iceandfire:fire_lily":2,"aether:iron_gloves":1,"minecraft:pink_wool":22,"minecraft:wither_rose":1,"gravestone:obituary":6,"minecraft:string":5,"minecraft:iron_leggings":1,"minecraft:iron_shovel":1,"minecraft:cobbled_deepslate":107,"minecraft:poppy":12,"minecraft:iron_pickaxe":3,"minecraft:light_gray_wool":1,"minecraft:melon_slice":56,"biomesoplenty:wildflower":1,"minecraft:iron_boots":1,"minecraft:raw_iron":24,"minecraft:stick":2,"minecraft:cookie":74,"born_in_chaos_v1:fried_maggot":2,"minecraft:arrow":18,"minecraft:rotten_flesh":4,"minecraft:iron_block":2,"minecraft:mutton":1,"minecraft:white_wool":47,"minecraft:cobblestone":118,"born_in_chaos_v1:fused_bone":1,"minecraft:feather":1,"born_in_chaos_v1:monster_flesh":1,"minecraft:glow_ink_sac":10,"minecraft:jungle_log":1,"minecraft:andesite":16,"minecraft:brown_wool":47,"minecraft:jungle_wood":5,"minecraft:oak_log":9,"skilltree:gem":10,"minecraft:lapis_lazuli":20,"minecraft:dirt":35,"minecraft:cooked_mutton":1,"minecraft:bone":23,"minecraft:wheat_seeds":9,"minecraft:raw_gold":2,"minecraft:iron_ingot":17,"minecraft:iron_sword":1,"minecraft:book":10,"minecraft:red_wool":8,"minecraft:quartz":2,"minecraft:gravel":1,"minecraft:white_bed":1,"minecraft:spider_eye":3,"biomesoplenty:mahogany_log":42,"minecraft:iron_helmet":1,"minecraft:emerald":2,"minecraft:coal":3,"iceandfire:raw_silver":2},"minecraft:mined":{"minecraft:tuff":4,"minecraft:white_bed":2,"iceandfire:silver_ore":2,"minecraft:dark_oak_leaves":1,"biomesoplenty:desert_grass":4,"minecraft:jungle_leaves":3,"gravestone:gravestone":19,"minecraft:grass_block":1,"minecraft:brown_wool":47,"born_in_chaos_v1:black_argillite":1,"minecraft:jungle_log":1,"minecraft:pink_wool":22,"minecraft:large_fern":1,"minecraft:tall_seagrass":1,"minecraft:iron_ore":18,"minecraft:cobbled_deepslate":6,"minecraft:andesite":8,"minecraft:deepslate_lapis_ore":3,"minecraft:bookshelf":3,"minecraft:deepslate_iron_ore":6,"minecraft:iron_block":2,"minecraft:stone":59,"minecraft:white_wool":28,"minecraft:red_wool":8,"minecraft:crafting_table":1,"minecraft:poppy":11,"minecraft:melon":10,"iceandfire:fire_lily":2,"resource_ghouls:quartz_ore":2,"minecraft:tall_grass":7,"biomesoplenty:sprout":6,"minecraft:deepslate_gold_ore":1,"biomesoplenty:mahogany_log":43,"minecraft:grass":47,"minecraft:oak_log":10,"minecraft:gravel":1,"minecraft:dirt":11,"minecraft:gold_ore":1,"minecraft:oak_leaves":8,"minecraft:deepslate":116,"minecraft:fern":38},"minecraft:crafted":{"minecraft:oak_planks":20,"biomesoplenty:mahogany_planks":40,"minecraft:furnace":1,"minecraft:bone_meal":6,"minecraft:pink_dye":12,"minecraft:cooked_mutton":1,"minecraft:iron_axe":1,"minecraft:red_dye":12,"minecraft:crafting_table":5,"minecraft:red_wool":6,"minecraft:oak_wood":3,"minecraft:air":0,"minecraft:pink_wool":12,"minecraft:shield":1,"minecraft:white_dye":6,"minecraft:stick":8,"minecraft:iron_ingot":35,"minecraft:iron_pickaxe":1,"minecraft:wooden_axe":1,"minecraft:white_bed":1},"minecraft:used":{"biomesoplenty:mahogany_planks":12,"minecraft:iron_sword":128,"minecraft:dirt":8,"minecraft:wooden_axe":71,"minecraft:red_wool":8,"minecraft:iron_axe":12,"minecraft:pink_wool":34,"minecraft:furnace":1,"minecraft:cobbled_deepslate":43,"minecraft:cooked_mutton":2,"minecraft:cookie":21,"minecraft:crafting_table":5,"minecraft:white_bed":2,"minecraft:oak_log":1,"minecraft:bread":7,"minecraft:brown_wool":47,"minecraft:iron_pickaxe":254}},"DataVersion":3465}