{"stats":{"minecraft:picked_up":{"minecraft:crafting_table":1,"minecraft:cocoa_beans":27,"minecraft:iron_chestplate":1,"minecraft:ladder":1,"iceandfire:fire_lily":2,"aether:iron_gloves":5,"minecraft:pink_wool":22,"minecraft:wither_rose":1,"gravestone:obituary":11,"minecraft:string":5,"minecraft:iron_leggings":1,"minecraft:iron_shovel":2,"minecraft:cobbled_deepslate":124,"minecraft:poppy":12,"minecraft:iron_pickaxe":3,"minecraft:light_gray_wool":1,"minecraft:melon_slice":56,"biomesoplenty:wildflower":1,"minecraft:iron_boots":1,"minecraft:stick":2,"minecraft:raw_iron":24,"minecraft:torch":4,"minecraft:cookie":75,"born_in_chaos_v1:fried_maggot":2,"minecraft:arrow":18,"minecraft:rotten_flesh":5,"minecraft:iron_block":2,"minecraft:mutton":1,"minecraft:white_wool":47,"minecraft:cobblestone":125,"born_in_chaos_v1:fused_bone":1,"minecraft:feather":1,"born_in_chaos_v1:monster_flesh":1,"minecraft:glow_ink_sac":10,"minecraft:andesite":16,"minecraft:jungle_log":40,"minecraft:brown_wool":47,"minecraft:jungle_wood":15,"minecraft:oak_log":22,"minecraft:lapis_lazuli":20,"skilltree:gem":14,"minecraft:dirt":53,"minecraft:cooked_mutton":1,"minecraft:bone":23,"minecraft:wheat_seeds":11,"minecraft:raw_gold":2,"minecraft:iron_ingot":17,"minecraft:iron_sword":2,"biomesoplenty:mahogany_planks":8,"minecraft:book":10,"minecraft:red_wool":8,"minecraft:quartz":2,"minecraft:gravel":2,"minecraft:sand":248,"minecraft:white_bed":6,"minecraft:spider_eye":3,"biomesoplenty:mahogany_log":42,"minecraft:oak_wood":1,"minecraft:iron_helmet":1,"minecraft:bone_meal":2,"minecraft:emerald":2,"minecraft:oak_sapling":1,"born_in_chaos_v1:rotten_fish":3,"minecraft:coal":36,"iceandfire:raw_silver":2},"minecraft:killed_by":{"minecraft:husk":5,"born_in_chaos_v1:nightmare_stalker":2,"born_in_chaos_v1:dark_vortex":1,"graveyard:skeleton_creeper":1,"apollyon:the_damned":4,"born_in_chaos_v1:spirit_guide_assistant":1,"iceandfire:ghost":4,"cave_dweller:cave_dweller":1,"born_in_chaos_v1:dread_hound":1},"minecraft:dropped":{"minecraft:bread":1,"minecraft:wheat_seeds":3,"minecraft:glow_ink_sac":10,"minecraft:feather":2,"minecraft:cookie":5,"minecraft:cobblestone":118,"biomesoplenty:mahogany_planks":8,"minecraft:stick":2,"gravestone:obituary":2,"minecraft:iron_pickaxe":2,"minecraft:iron_shovel":1,"minecraft:string":6,"minecraft:white_wool":13,"immersivecaves:immersive_caves_guide":1,"minecraft:iron_boots":1,"minecraft:shield":1,"minecraft:andesite":16,"minecraft:jungle_log":1},"minecraft:killed":{"minecraft:spider":4,"minecraft:skeleton":12,"born_in_chaos_v1:corpse_fish":5,"resource_ghouls:emerald_stonebore":1,"minecraft:iron_golem":2,"minecraft:bat":1,"minecraft:sheep":1,"minecraft:zombie":4,"born_in_chaos_v1:dread_hound":1,"apollyon:the_damned":1},"minecraft:used":{"biomesoplenty:mahogany_planks":12,"minecraft:iron_shovel":256,"minecraft:iron_sword":154,"minecraft:torch":6,"minecraft:dirt":33,"minecraft:oak_wood":1,"minecraft:glass":211,"minecraft:wooden_axe":71,"minecraft:red_wool":8,"minecraft:iron_axe":140,"minecraft:pink_wool":34,"minecraft:furnace":2,"minecraft:cobbled_deepslate":43,"minecraft:cooked_mutton":2,"minecraft:cookie":34,"minecraft:jungle_wood":23,"minecraft:crafting_table":5,"minecraft:white_bed":6,"minecraft:oak_log":1,"minecraft:bread":8,"minecraft:iron_pickaxe":320,"minecraft:brown_wool":47,"minecraft:cobblestone":1},"minecraft:broken":{"minecraft:iron_shovel":1,"minecraft:iron_pickaxe":1,"minecraft:wooden_axe":1},"minecraft:custom":{"minecraft:mob_kills":33,"minecraft:interact_with_crafting_table":13,"minecraft:open_barrel":24,"minecraft:damage_dealt_resisted":19,"minecraft:leave_game":7,"minecraft:time_since_death":14916,"minecraft:climb_one_cm":12429,"minecraft:sprint_one_cm":434643,"minecraft:walk_one_cm":605084,"minecraft:drop":25,"minecraft:talked_to_villager":2,"minecraft:play_time":252708,"minecraft:sneak_time":4056,"minecraft:deaths":33,"minecraft:walk_under_water_one_cm":70133,"minecraft:jump":4777,"minecraft:walk_on_water_one_cm":57481,"minecraft:total_world_time":252708,"minecraft:interact_with_furnace":32,"minecraft:sleep_in_bed":12,"minecraft:time_since_rest":14947,"minecraft:damage_taken":10037,"minecraft:damage_dealt":8670,"minecraft:player_kills":2,"minecraft:swim_one_cm":61903,"minecraft:fly_one_cm":460282,"minecraft:open_chest":28,"minecraft:crouch_one_cm":9878,"minecraft:fall_one_cm":154490},"minecraft:mined":{"minecraft:tuff":4,"minecraft:white_bed":6,"iceandfire:silver_ore":2,"minecraft:dark_oak_leaves":1,"minecraft:jungle_leaves":30,"biomesoplenty:desert_grass":4,"gravestone:gravestone":29,"minecraft:ladder":1,"minecraft:grass_block":4,"minecraft:brown_wool":47,"born_in_chaos_v1:black_argillite":1,"minecraft:jungle_log":40,"minecraft:pink_wool":22,"minecraft:large_fern":4,"minecraft:tall_seagrass":1,"minecraft:iron_ore":18,"minecraft:cobbled_deepslate":28,"minecraft:andesite":8,"minecraft:deepslate_lapis_ore":3,"minecraft:bookshelf":3,"minecraft:deepslate_iron_ore":6,"minecraft:stone":67,"minecraft:iron_block":2,"minecraft:white_wool":28,"minecraft:red_wool":8,"minecraft:crafting_table":2,"minecraft:oak_wood":1,"minecraft:poppy":11,"minecraft:melon":10,"iceandfire:fire_lily":2,"resource_ghouls:quartz_ore":2,"minecraft:glass":7,"minecraft:tall_grass":7,"biomesoplenty:sprout":10,"minecraft:deepslate_gold_ore":1,"minecraft:seagrass":1,"minecraft:jungle_wood":8,"biomesoplenty:mahogany_log":43,"minecraft:grass":47,"minecraft:oak_log":21,"minecraft:coal_ore":33,"minecraft:cocoa":1,"minecraft:gravel":2,"minecraft:sand":249,"minecraft:dirt":13,"minecraft:gold_ore":1,"minecraft:oak_leaves":39,"minecraft:deepslate":116,"minecraft:fern":53},"minecraft:crafted":{"minecraft:oak_planks":20,"biomesoplenty:mahogany_planks":40,"minecraft:furnace":2,"minecraft:bone_meal":6,"minecraft:pink_dye":12,"minecraft:cooked_mutton":1,"minecraft:glass":211,"minecraft:iron_axe":1,"minecraft:red_dye":12,"minecraft:jungle_wood":15,"minecraft:crafting_table":5,"minecraft:red_wool":6,"minecraft:oak_wood":6,"minecraft:bread":1,"minecraft:air":0,"minecraft:pink_wool":12,"minecraft:shield":1,"minecraft:white_dye":6,"minecraft:stick":8,"minecraft:iron_ingot":35,"minecraft:iron_pickaxe":1,"minecraft:wooden_axe":1,"minecraft:white_bed":1}},"DataVersion":3465}