{"stats":{"minecraft:killed":{"minecraft:iron_golem":2,"minecraft:sheep":1},"minecraft:custom":{"minecraft:mob_kills":3,"minecraft:interact_with_crafting_table":4,"minecraft:damage_dealt_resisted":19,"minecraft:time_since_death":770,"minecraft:leave_game":2,"minecraft:sleep_in_bed":6,"minecraft:climb_one_cm":2957,"minecraft:time_since_rest":805,"minecraft:sprint_one_cm":141443,"minecraft:damage_taken":2274,"minecraft:walk_one_cm":140005,"minecraft:damage_dealt":2239,"minecraft:swim_one_cm":1730,"minecraft:talked_to_villager":2,"minecraft:fly_one_cm":171535,"minecraft:open_chest":9,"minecraft:crouch_one_cm":1135,"minecraft:play_time":58993,"minecraft:deaths":9,"minecraft:sneak_time":680,"minecraft:walk_under_water_one_cm":1776,"minecraft:jump":988,"minecraft:walk_on_water_one_cm":6235,"minecraft:total_world_time":58993,"minecraft:fall_one_cm":29253},"minecraft:killed_by":{"apollyon:the_damned":1,"born_in_chaos_v1:spirit_guide_assistant":1,"born_in_chaos_v1:dark_vortex":1,"iceandfire:ghost":4},"minecraft:broken":{"minecraft:wooden_axe":1},"minecraft:picked_up":{"born_in_chaos_v1:fused_bone":1,"minecraft:iron_chestplate":1,"iceandfire:fire_lily":2,"minecraft:brown_wool":31,"minecraft:oak_log":7,"gravestone:obituary":4,"minecraft:dirt":19,"minecraft:iron_leggings":1,"minecraft:cooked_mutton":1,"minecraft:wheat_seeds":6,"minecraft:iron_ingot":5,"minecraft:poppy":12,"minecraft:iron_pickaxe":1,"minecraft:light_gray_wool":1,"biomesoplenty:wildflower":1,"minecraft:melon_slice":56,"minecraft:iron_sword":1,"minecraft:iron_boots":1,"minecraft:book":10,"minecraft:red_wool":2,"minecraft:white_bed":1,"biomesoplenty:mahogany_log":42,"minecraft:iron_helmet":1,"minecraft:mutton":1,"minecraft:white_wool":29},"minecraft:mined":{"minecraft:white_bed":2,"minecraft:red_wool":2,"minecraft:dark_oak_leaves":1,"minecraft:jungle_leaves":1,"biomesoplenty:desert_grass":4,"gravestone:gravestone":4,"minecraft:grass_block":1,"minecraft:poppy":11,"minecraft:melon":10,"minecraft:brown_wool":31,"iceandfire:fire_lily":2,"minecraft:tall_grass":3,"biomesoplenty:sprout":2,"minecraft:large_fern":1,"biomesoplenty:mahogany_log":43,"minecraft:grass":40,"minecraft:bookshelf":3,"minecraft:oak_log":7,"minecraft:dirt":1,"minecraft:white_wool":28,"minecraft:oak_leaves":3,"minecraft:fern":28},"minecraft:crafted":{"minecraft:red_dye":9,"minecraft:oak_planks":20,"minecraft:crafting_table":2,"biomesoplenty:mahogany_planks":4,"minecraft:red_wool":6,"minecraft:bone_meal":6,"minecraft:oak_wood":3,"minecraft:pink_dye":6,"minecraft:pink_wool":6,"minecraft:white_dye":6,"minecraft:stick":4,"minecraft:wooden_axe":1,"minecraft:white_bed":1},"minecraft:used":{"minecraft:cooked_mutton":1,"minecraft:iron_sword":34,"minecraft:cookie":7,"minecraft:crafting_table":2,"minecraft:white_bed":2,"minecraft:oak_log":1,"minecraft:wooden_axe":71,"minecraft:red_wool":8,"minecraft:brown_wool":17}},"DataVersion":3465}