{"stats":{"minecraft:killed":{"minecraft:sheep":1},"minecraft:custom":{"minecraft:time_since_rest":5747,"minecraft:sprint_one_cm":86544,"minecraft:damage_taken":2068,"minecraft:walk_one_cm":85055,"minecraft:mob_kills":1,"minecraft:damage_dealt":531,"minecraft:talked_to_villager":2,"minecraft:interact_with_crafting_table":2,"minecraft:fly_one_cm":108627,"minecraft:open_chest":9,"minecraft:play_time":34993,"minecraft:deaths":8,"minecraft:sneak_time":40,"minecraft:walk_under_water_one_cm":600,"minecraft:damage_dealt_resisted":19,"minecraft:jump":616,"minecraft:leave_game":2,"minecraft:walk_on_water_one_cm":3773,"minecraft:time_since_death":5712,"minecraft:sleep_in_bed":2,"minecraft:climb_one_cm":1405,"minecraft:total_world_time":34993,"minecraft:fall_one_cm":17511},"minecraft:killed_by":{"born_in_chaos_v1:dark_vortex":1,"apollyon:the_damned":1,"iceandfire:ghost":4,"born_in_chaos_v1:spirit_guide_assistant":1},"minecraft:broken":{"minecraft:wooden_axe":1},"minecraft:picked_up":{"minecraft:book":10,"minecraft:brown_wool":13,"minecraft:oak_log":7,"gravestone:obituary":4,"minecraft:dirt":19,"minecraft:cooked_mutton":1,"biomesoplenty:mahogany_log":42,"minecraft:wheat_seeds":5,"minecraft:poppy":2,"minecraft:light_gray_wool":1,"minecraft:melon_slice":56,"biomesoplenty:wildflower":1,"minecraft:mutton":1,"minecraft:white_wool":27},"minecraft:mined":{"minecraft:dark_oak_leaves":1,"biomesoplenty:mahogany_log":43,"biomesoplenty:desert_grass":4,"gravestone:gravestone":4,"minecraft:grass":37,"minecraft:bookshelf":3,"minecraft:grass_block":1,"minecraft:oak_log":7,"minecraft:poppy":2,"minecraft:melon":10,"minecraft:brown_wool":13,"minecraft:dirt":1,"minecraft:tall_grass":3,"biomesoplenty:sprout":1,"minecraft:white_wool":26,"minecraft:oak_leaves":3,"minecraft:fern":22,"minecraft:large_fern":1},"minecraft:crafted":{"minecraft:red_dye":2,"minecraft:oak_planks":20,"minecraft:crafting_table":1,"minecraft:stick":4,"biomesoplenty:mahogany_planks":4,"minecraft:wooden_axe":1,"minecraft:oak_wood":3},"minecraft:used":{"minecraft:oak_log":1,"minecraft:wooden_axe":71,"minecraft:cookie":4,"minecraft:crafting_table":1}},"DataVersion":3465}