{"stats":{"minecraft:killed":{"minecraft:iron_golem":2,"minecraft:sheep":1,"minecraft:zombie":1},"minecraft:custom":{"minecraft:mob_kills":4,"minecraft:interact_with_crafting_table":4,"minecraft:damage_dealt_resisted":19,"minecraft:time_since_death":382,"minecraft:leave_game":2,"minecraft:sleep_in_bed":6,"minecraft:climb_one_cm":4106,"minecraft:time_since_rest":410,"minecraft:sprint_one_cm":163865,"minecraft:damage_taken":3178,"minecraft:walk_one_cm":173632,"minecraft:damage_dealt":2496,"minecraft:swim_one_cm":1730,"minecraft:talked_to_villager":2,"minecraft:fly_one_cm":195967,"minecraft:player_kills":1,"minecraft:open_chest":9,"minecraft:crouch_one_cm":2033,"minecraft:play_time":70993,"minecraft:deaths":12,"minecraft:sneak_time":1229,"minecraft:walk_under_water_one_cm":2746,"minecraft:jump":1186,"minecraft:walk_on_water_one_cm":7543,"minecraft:total_world_time":70993,"minecraft:fall_one_cm":40279},"minecraft:killed_by":{"apollyon:the_damned":2,"born_in_chaos_v1:nightmare_stalker":1,"born_in_chaos_v1:spirit_guide_assistant":1,"born_in_chaos_v1:dark_vortex":1,"iceandfire:ghost":4,"graveyard:skeleton_creeper":1},"minecraft:broken":{"minecraft:wooden_axe":1},"minecraft:picked_up":{"born_in_chaos_v1:fused_bone":1,"minecraft:iron_chestplate":1,"iceandfire:fire_lily":2,"minecraft:brown_wool":47,"minecraft:pink_wool":22,"minecraft:oak_log":7,"gravestone:obituary":4,"minecraft:dirt":24,"minecraft:iron_leggings":1,"minecraft:cooked_mutton":1,"minecraft:wheat_seeds":6,"minecraft:iron_ingot":5,"minecraft:poppy":12,"minecraft:iron_pickaxe":1,"minecraft:light_gray_wool":1,"biomesoplenty:wildflower":1,"minecraft:melon_slice":56,"minecraft:iron_sword":1,"minecraft:iron_boots":1,"minecraft:book":10,"minecraft:red_wool":8,"minecraft:white_bed":1,"biomesoplenty:mahogany_log":42,"minecraft:rotten_flesh":2,"minecraft:iron_helmet":1,"minecraft:mutton":1,"minecraft:white_wool":29},"minecraft:mined":{"minecraft:white_bed":2,"minecraft:red_wool":8,"minecraft:dark_oak_leaves":1,"minecraft:jungle_leaves":1,"biomesoplenty:desert_grass":4,"gravestone:gravestone":5,"minecraft:grass_block":1,"minecraft:poppy":11,"minecraft:melon":10,"minecraft:brown_wool":47,"iceandfire:fire_lily":2,"minecraft:tall_grass":5,"biomesoplenty:sprout":4,"minecraft:pink_wool":22,"minecraft:large_fern":1,"biomesoplenty:mahogany_log":43,"minecraft:grass":43,"minecraft:bookshelf":3,"minecraft:oak_log":7,"minecraft:dirt":4,"minecraft:white_wool":28,"minecraft:oak_leaves":3,"minecraft:fern":32},"minecraft:crafted":{"minecraft:red_dye":12,"minecraft:oak_planks":20,"minecraft:crafting_table":2,"biomesoplenty:mahogany_planks":4,"minecraft:red_wool":6,"minecraft:bone_meal":6,"minecraft:oak_wood":3,"minecraft:pink_dye":12,"minecraft:pink_wool":12,"minecraft:white_dye":6,"minecraft:stick":4,"minecraft:wooden_axe":1,"minecraft:white_bed":1},"minecraft:used":{"minecraft:cooked_mutton":1,"minecraft:iron_sword":37,"minecraft:cookie":7,"minecraft:dirt":3,"minecraft:crafting_table":2,"minecraft:white_bed":2,"minecraft:oak_log":1,"minecraft:wooden_axe":71,"minecraft:red_wool":8,"minecraft:brown_wool":45,"minecraft:pink_wool":34}},"DataVersion":3465}