{"stats":{"minecraft:custom":{"minecraft:jump":151,"minecraft:time_since_rest":1807,"minecraft:damage_dealt":196,"minecraft:deaths":3,"minecraft:damage_taken":960,"minecraft:sprint_one_cm":18860,"minecraft:play_time":11409,"minecraft:time_since_death":596,"minecraft:walk_one_cm":18621,"minecraft:total_world_time":11409,"minecraft:leave_game":1,"minecraft:fall_one_cm":4747,"minecraft:fly_one_cm":33192,"minecraft:damage_dealt_resisted":13},"minecraft:killed_by":{"apollyon:the_damned":1,"iceandfire:ghost":1,"born_in_chaos_v1:dark_vortex":1},"minecraft:picked_up":{"gravestone:obituary":2,"minecraft:wheat_seeds":3},"minecraft:mined":{"minecraft:grass":16,"biomesoplenty:desert_grass":4,"gravestone:gravestone":1}},"DataVersion":3465}