{"stats":{"minecraft:picked_up":{"minecraft:cocoa_beans":12,"minecraft:iron_chestplate":1,"iceandfire:fire_lily":2,"aether:iron_gloves":4,"minecraft:pink_wool":22,"minecraft:wither_rose":1,"gravestone:obituary":10,"minecraft:string":5,"minecraft:iron_leggings":1,"minecraft:iron_shovel":1,"minecraft:cobbled_deepslate":107,"minecraft:poppy":12,"minecraft:iron_pickaxe":3,"minecraft:light_gray_wool":1,"biomesoplenty:wildflower":1,"minecraft:melon_slice":56,"minecraft:iron_boots":1,"minecraft:stick":2,"minecraft:raw_iron":24,"minecraft:cookie":74,"born_in_chaos_v1:fried_maggot":2,"minecraft:arrow":18,"minecraft:rotten_flesh":4,"minecraft:iron_block":2,"minecraft:mutton":1,"minecraft:white_wool":47,"minecraft:cobblestone":118,"born_in_chaos_v1:fused_bone":1,"minecraft:feather":1,"born_in_chaos_v1:monster_flesh":1,"minecraft:glow_ink_sac":10,"minecraft:andesite":16,"minecraft:jungle_log":24,"minecraft:brown_wool":47,"minecraft:jungle_wood":15,"minecraft:oak_log":14,"minecraft:lapis_lazuli":20,"skilltree:gem":10,"minecraft:dirt":49,"minecraft:cooked_mutton":1,"minecraft:bone":23,"minecraft:wheat_seeds":10,"minecraft:raw_gold":2,"minecraft:iron_ingot":17,"minecraft:iron_sword":2,"biomesoplenty:mahogany_planks":8,"minecraft:book":10,"minecraft:red_wool":8,"minecraft:quartz":2,"minecraft:gravel":1,"minecraft:white_bed":5,"minecraft:spider_eye":3,"biomesoplenty:mahogany_log":42,"minecraft:iron_helmet":1,"minecraft:emerald":2,"minecraft:oak_sapling":1,"minecraft:coal":3,"iceandfire:raw_silver":2},"minecraft:killed_by":{"minecraft:husk":5,"born_in_chaos_v1:nightmare_stalker":2,"born_in_chaos_v1:dark_vortex":1,"graveyard:skeleton_creeper":1,"apollyon:the_damned":3,"born_in_chaos_v1:spirit_guide_assistant":1,"iceandfire:ghost":4,"cave_dweller:cave_dweller":1,"born_in_chaos_v1:dread_hound":1},"minecraft:dropped":{"minecraft:bread":1,"minecraft:wheat_seeds":3,"minecraft:glow_ink_sac":10,"minecraft:feather":2,"minecraft:cookie":4,"minecraft:cobblestone":118,"biomesoplenty:mahogany_planks":8,"minecraft:stick":2,"gravestone:obituary":2,"minecraft:iron_pickaxe":2,"minecraft:string":6,"minecraft:white_wool":13,"immersivecaves:immersive_caves_guide":1,"minecraft:iron_boots":1,"minecraft:shield":1,"minecraft:andesite":16,"minecraft:jungle_log":1},"minecraft:killed":{"minecraft:spider":4,"minecraft:skeleton":12,"resource_ghouls:emerald_stonebore":1,"minecraft:iron_golem":2,"minecraft:bat":1,"minecraft:sheep":1,"minecraft:zombie":3,"born_in_chaos_v1:dread_hound":1,"apollyon:the_damned":1},"minecraft:used":{"biomesoplenty:mahogany_planks":12,"minecraft:iron_sword":134,"minecraft:torch":6,"minecraft:dirt":20,"minecraft:wooden_axe":71,"minecraft:red_wool":8,"minecraft:iron_axe":81,"minecraft:pink_wool":34,"minecraft:furnace":1,"minecraft:cobbled_deepslate":43,"minecraft:cooked_mutton":2,"minecraft:jungle_wood":23,"minecraft:cookie":23,"minecraft:crafting_table":5,"minecraft:white_bed":5,"minecraft:oak_log":1,"minecraft:bread":7,"minecraft:brown_wool":47,"minecraft:iron_pickaxe":254},"minecraft:broken":{"minecraft:iron_pickaxe":1,"minecraft:wooden_axe":1},"minecraft:custom":{"minecraft:mob_kills":27,"minecraft:interact_with_crafting_table":8,"minecraft:open_barrel":8,"minecraft:damage_dealt_resisted":19,"minecraft:leave_game":5,"minecraft:time_since_death":9866,"minecraft:climb_one_cm":11061,"minecraft:sprint_one_cm":326816,"minecraft:walk_one_cm":441279,"minecraft:drop":23,"minecraft:talked_to_villager":2,"minecraft:play_time":182549,"minecraft:deaths":29,"minecraft:sneak_time":2157,"minecraft:walk_under_water_one_cm":10225,"minecraft:jump":3407,"minecraft:walk_on_water_one_cm":29903,"minecraft:total_world_time":182549,"minecraft:interact_with_furnace":6,"minecraft:sleep_in_bed":9,"minecraft:time_since_rest":9911,"minecraft:damage_taken":8886,"minecraft:damage_dealt":7757,"minecraft:swim_one_cm":14226,"minecraft:fly_one_cm":363463,"minecraft:player_kills":2,"minecraft:open_chest":19,"minecraft:crouch_one_cm":4766,"minecraft:fall_one_cm":115300},"minecraft:mined":{"minecraft:tuff":4,"minecraft:white_bed":5,"iceandfire:silver_ore":2,"minecraft:dark_oak_leaves":1,"minecraft:jungle_leaves":19,"biomesoplenty:desert_grass":4,"gravestone:gravestone":25,"minecraft:grass_block":2,"minecraft:brown_wool":47,"born_in_chaos_v1:black_argillite":1,"minecraft:jungle_log":24,"minecraft:pink_wool":22,"minecraft:large_fern":1,"minecraft:tall_seagrass":1,"minecraft:iron_ore":18,"minecraft:cobbled_deepslate":6,"minecraft:andesite":8,"minecraft:deepslate_lapis_ore":3,"minecraft:bookshelf":3,"minecraft:deepslate_iron_ore":6,"minecraft:stone":59,"minecraft:iron_block":2,"minecraft:white_wool":28,"minecraft:red_wool":8,"minecraft:crafting_table":1,"minecraft:poppy":11,"minecraft:melon":10,"iceandfire:fire_lily":2,"resource_ghouls:quartz_ore":2,"minecraft:tall_grass":7,"biomesoplenty:sprout":7,"minecraft:deepslate_gold_ore":1,"minecraft:jungle_wood":8,"biomesoplenty:mahogany_log":43,"minecraft:grass":47,"minecraft:oak_log":13,"minecraft:cocoa":1,"minecraft:gravel":1,"minecraft:dirt":12,"minecraft:gold_ore":1,"minecraft:oak_leaves":21,"minecraft:deepslate":116,"minecraft:fern":45},"minecraft:crafted":{"minecraft:oak_planks":20,"biomesoplenty:mahogany_planks":40,"minecraft:furnace":1,"minecraft:bone_meal":6,"minecraft:pink_dye":12,"minecraft:cooked_mutton":1,"minecraft:iron_axe":1,"minecraft:red_dye":12,"minecraft:jungle_wood":15,"minecraft:crafting_table":5,"minecraft:red_wool":6,"minecraft:oak_wood":6,"minecraft:air":0,"minecraft:pink_wool":12,"minecraft:shield":1,"minecraft:white_dye":6,"minecraft:stick":8,"minecraft:iron_pickaxe":1,"minecraft:iron_ingot":35,"minecraft:wooden_axe":1,"minecraft:white_bed":1}},"DataVersion":3465}