{"stats":{"minecraft:killed":{"minecraft:sheep":1},"minecraft:custom":{"minecraft:time_since_rest":7521,"minecraft:sprint_one_cm":114665,"minecraft:damage_taken":2108,"minecraft:walk_one_cm":114683,"minecraft:mob_kills":1,"minecraft:damage_dealt":531,"minecraft:swim_one_cm":1730,"minecraft:talked_to_villager":2,"minecraft:interact_with_crafting_table":3,"minecraft:fly_one_cm":155771,"minecraft:crouch_one_cm":320,"minecraft:open_chest":9,"minecraft:play_time":46993,"minecraft:deaths":8,"minecraft:sneak_time":338,"minecraft:walk_under_water_one_cm":1512,"minecraft:damage_dealt_resisted":19,"minecraft:jump":836,"minecraft:leave_game":2,"minecraft:walk_on_water_one_cm":5549,"minecraft:time_since_death":17712,"minecraft:sleep_in_bed":5,"minecraft:climb_one_cm":1607,"minecraft:total_world_time":46993,"minecraft:fall_one_cm":24200},"minecraft:killed_by":{"born_in_chaos_v1:dark_vortex":1,"apollyon:the_damned":1,"iceandfire:ghost":4,"born_in_chaos_v1:spirit_guide_assistant":1},"minecraft:broken":{"minecraft:wooden_axe":1},"minecraft:picked_up":{"minecraft:book":10,"iceandfire:fire_lily":2,"minecraft:brown_wool":26,"minecraft:red_wool":2,"minecraft:oak_log":7,"gravestone:obituary":4,"minecraft:dirt":19,"minecraft:cooked_mutton":1,"biomesoplenty:mahogany_log":42,"minecraft:wheat_seeds":6,"minecraft:poppy":11,"minecraft:light_gray_wool":1,"minecraft:melon_slice":56,"biomesoplenty:wildflower":1,"minecraft:mutton":1,"minecraft:white_wool":27,"born_in_chaos_v1:fused_bone":1},"minecraft:mined":{"minecraft:white_bed":1,"minecraft:red_wool":2,"minecraft:dark_oak_leaves":1,"biomesoplenty:mahogany_log":43,"biomesoplenty:desert_grass":4,"gravestone:gravestone":4,"minecraft:grass":38,"minecraft:bookshelf":3,"minecraft:grass_block":1,"minecraft:oak_log":7,"minecraft:poppy":11,"minecraft:melon":10,"minecraft:brown_wool":26,"minecraft:dirt":1,"iceandfire:fire_lily":2,"minecraft:tall_grass":3,"biomesoplenty:sprout":2,"minecraft:white_wool":26,"minecraft:oak_leaves":3,"minecraft:fern":27,"minecraft:large_fern":1},"minecraft:crafted":{"minecraft:red_dye":9,"minecraft:oak_planks":20,"minecraft:crafting_table":1,"minecraft:stick":4,"biomesoplenty:mahogany_planks":4,"minecraft:white_bed":1,"minecraft:wooden_axe":1,"minecraft:red_wool":6,"minecraft:bone_meal":6,"minecraft:oak_wood":3},"minecraft:used":{"minecraft:oak_log":1,"minecraft:wooden_axe":71,"minecraft:red_wool":8,"minecraft:brown_wool":10,"minecraft:cookie":6,"minecraft:crafting_table":1,"minecraft:white_bed":1}},"DataVersion":3465}